Date,Home Team,Home Score,Away Team,Away Score
2023-08-25,Carl Junction,16,Aurora,6
2023-08-25,Joplin,18,Aurora,11
2023-08-25,Park Hill,5,Belton,8
2023-08-25,Holden,10,Belton,4
2023-08-25,Marion C. Early,2,Bolivar,0
2023-08-25,Lebanon,3,Camdenton,4
2023-08-25,Joplin,8,Carl Junction,9
2023-08-25,Waynesville,2,Carthage,6
2023-08-25,West Plains,3,Cassville,10
2023-08-25,Lee's Summit West,8,Centralia,0
2023-08-25,Smithville,14,Centralia,2
2023-08-25,Grain Valley,4,Chillicothe,0
2023-08-25,Harrisonville,0,Chillicothe,9
2023-08-25,Slater,4,Community,9
2023-08-25,Capital City,0,Eureka,7
2023-08-25,Weaubleau,8,Fair Play,2
2023-08-25,Rockwood Summit,9,Farmington,0
2023-08-25,Kelly,1,Farmington,2
2023-08-25,Rock Bridge,9,Festus,1
2023-08-25,Naylor,0,Festus,30
2023-08-25,Silex,0,Francis Howell,9
2023-08-25,Rock Bridge,2,Francis Howell,5
2023-08-25,Grain Valley,11,Harrisonville,0
2023-08-25,Republic,12,Hartville,0
2023-08-25,Park Hill,6,Holden,2
2023-08-25,Liberty North,8,Incarnate Word Academy,0
2023-08-25,Oakville,2,Jackson,9
2023-08-25,Neelyville,2,Jackson,13
2023-08-25,Worth County,0,Jamestown,15
2023-08-25,St. Joseph's Academy,3,Jefferson City,5
2023-08-25,Perryville,5,Jefferson City,18
2023-08-25,Liberty North,12,Kelly,1
2023-08-25,Nixa,3,Kickapoo,4
2023-08-25,Platte County,12,Lafayette (St. Joseph),2
2023-08-25,William Chrisman,8,Lee's Summit,16
2023-08-25,St. Teresa's Academy,3,Lee's Summit,12
2023-08-25,Kearney,6,Lee's Summit North,1
2023-08-25,Oak Grove,7,Lee's Summit North,9
2023-08-25,Smithville,5,Lee's Summit West,11
2023-08-25,Odessa,7,Liberty,3
2023-08-25,Fort Osage,1,Liberty,10
2023-08-25,Helias Catholic,9,Lindbergh,4
2023-08-25,Helias Catholic,8,Marquette,1
2023-08-25,Lindbergh,8,Marquette,2
2023-08-25,New Covenant Academy,0,Marshfield,12
2023-08-25,Ozark,0,Marshfield,2
2023-08-25,Silex,15,Naylor,0
2023-08-25,Summit Christian Academy,3,Nevada,1
2023-08-25,Poplar Bluff,4,Oakville,16
2023-08-25,Fort Osage,10,Odessa,2
2023-08-25,New Covenant Academy,0,Ozark,10
2023-08-25,Oak Park,3,Park Hill South,11
2023-08-25,Warrenton,15,Perryville,0
2023-08-25,St. Charles,3,Platte County,10
2023-08-25,St. Michael the Archangel,0,Pleasant Hill,6
2023-08-25,Neelyville,12,Poplar Bluff,10
2023-08-25,St. Michael the Archangel,0,Raymore-Peculiar,15
2023-08-25,Pleasant Hill,1,Raymore-Peculiar,11
2023-08-25,Incarnate Word Academy,0,Rockwood Summit,18
2023-08-25,Union,9,Rolla,5
2023-08-25,Lutheran South,8,Seckman,14
2023-08-25,Rolla,2,Seckman,13
2023-08-25,Smithville,8,St. Charles,9
2023-08-25,Lutheran South,6,Union,3
2023-08-25,St. Joseph's Academy,3,Warrenton,3
2023-08-25,Walnut Grove,3,Willard,12
2023-08-25,St. Teresa's Academy,7,William Chrisman,16
2023-08-26,Branson,4,Aurora,1
2023-08-26,Hillcrest,4,Aurora,14
2023-08-26,Odessa,4,Belton,2
2023-08-26,Harrisonville,0,Belton,10
2023-08-26,St. Teresa's Academy,0,Belton,11
2023-08-26,Higbee,16,Bevier,6
2023-08-26,Meadville,7,Bevier,14
2023-08-26,Washington,4,Blair Oaks,3
2023-08-26,Walnut Grove,3,Bolivar,6
2023-08-26,Clinton,5,Boonville,3
2023-08-26,Fayette,8,Boonville,5
2023-08-26,Summit Christian Academy,0,Camdenton,7
2023-08-26,Willard,1,Camdenton,3
2023-08-26,Republic,0,Camdenton,5
2023-08-26,Branson,12,Carl Junction,11
2023-08-26,Hillcrest,3,Carl Junction,11
2023-08-26,Republic,11,Carthage,1
2023-08-26,Cassville,1,Carthage,4
2023-08-26,Sherwood,4,Cassville,0
2023-08-26,Chaffee,12,Central (Cape Girardeau),0
2023-08-26,St. Michael the Archangel,2,Centralia,11
2023-08-26,Oak Grove,5,Centralia,2
2023-08-26,Lafayette (St. Joseph),0,Centralia,15
2023-08-26,Pleasant Hill,9,Chillicothe,4
2023-08-26,Smithville,6,Chillicothe,7
2023-08-26,Park Hill,4,Chillicothe,3
2023-08-26,Kirksville,8,Clinton,1
2023-08-26,Eugene,5,Clinton,7
2023-08-26,Jamestown,12,Crocker,1
2023-08-26,Owensville,3,DeSoto,12
2023-08-26,Liberty (Wentzville),10,DeSoto,1
2023-08-26,Pacific,7,DeSoto,6
2023-08-26,East Carter,5,Doniphan,2
2023-08-26,Logan-Rogersville,5,Doniphan,2
2023-08-26,Kelly,10,Doniphan,8
2023-08-26,Notre Dame (Cape Girardeau),4,Doniphan,1
2023-08-26,North Platte,15,East Buchanan,0
2023-08-26,Lexington,16,East Buchanan,9
2023-08-26,Notre Dame (Cape Girardeau),9,East Carter,11
2023-08-26,Capital City,0,Eureka,7
2023-08-26,Fatima,10,Eureka,6
2023-08-26,Blair Oaks,0,Eureka,8
2023-08-26,Washington,3,Fatima,1
2023-08-26,New Franklin,1,Fayette,10
2023-08-26,Lindbergh,7,Festus,0
2023-08-26,Lindbergh,1,Francis Howell,4
2023-08-26,Jackson,2,Francis Howell,1
2023-08-26,Rockwood Summit,0,Francis Howell,10
2023-08-26,Central (Cape Girardeau),4,Fredericktown,5
2023-08-26,Sikeston,1,Fredericktown,17
2023-08-26,Norwood,6,Halfway,2
2023-08-26,St. Michael the Archangel,5,Harrisonville,4
2023-08-26,Lafayette (St. Joseph),6,Harrisonville,7
2023-08-26,Rock Bridge,12,Helias Catholic,2
2023-08-26,Weaubleau,9,Hermitage,2
2023-08-26,Pilot Grove,16,Higbee,10
2023-08-26,Fatima,6,Hillsboro,1
2023-08-26,Capital City,0,Hillsboro,5
2023-08-26,Mexico,0,Hillsboro,15
2023-08-26,Liberty,10,Holden,3
2023-08-26,Lee's Summit,2,Holden,6
2023-08-26,Grain Valley,7,Holden,3
2023-08-26,Wheatland,3,Humansville,2
2023-08-26,Liberty North,1,Jackson,3
2023-08-26,Rock Bridge,15,Jackson,5
2023-08-26,Warrenton,2,Jefferson City,10
2023-08-26,Branson,12,Joplin,3
2023-08-26,Hillcrest,0,Joplin,15
2023-08-26,New Franklin,0,Kirksville,21
2023-08-26,Savannah,3,Kirksville,7
2023-08-26,St. Teresa's Academy,0,Lafayette (St. Joseph),10
2023-08-26,Walnut Grove,5,Lebanon,6
2023-08-26,Kearney,6,Lee's Summit,1
2023-08-26,Platte County,6,Lee's Summit,5
2023-08-26,William Chrisman,3,Lee's Summit North,17
2023-08-26,Fort Osage,10,Lee's Summit North,12
2023-08-26,Pleasant Hill,7,Lee's Summit North,6
2023-08-26,Platte County,3,Lee's Summit West,5
2023-08-26,Liberty,8,Lee's Summit West,7
2023-08-26,Raymore-Peculiar,10,Lee's Summit West,3
2023-08-26,North Platte,9,Lexington,2
2023-08-26,Kearney,7,Liberty,3
2023-08-26,Liberty (Wentzville),5,Linn,7
2023-08-26,Pacific,3,Linn,8
2023-08-26,Windsor (Imperial),0,Linn,16
2023-08-26,St. Clair,0,Logan-Rogersville,3
2023-08-26,Summit Christian Academy,0,Marion C. Early,1
2023-08-26,Silex,1,Marquette,10
2023-08-26,Norwood,2,Marshfield,7
2023-08-26,Polo,10,Maryville,5
2023-08-26,Bishop LeBlond,5,Maryville,7
2023-08-26,Webb City,11,McDonald County,7
2023-08-26,Webb City,2,Mexico,3
2023-08-26,Blair Oaks,5,Mexico,1
2023-08-26,Lebanon,0,Nevada,1
2023-08-26,Bolivar,1,Nevada,12
2023-08-26,Hartville,0,Nevada,7
2023-08-26,Owensville,0,Northwest (Cedar Hill),9
2023-08-26,Windsor (Imperial),6,Northwest (Cedar Hill),4
2023-08-26,Pacific,8,Northwest (Cedar Hill),3
2023-08-26,Odessa,1,Oak Grove,8
2023-08-26,St. Teresa's Academy,1,Oak Grove,19
2023-08-26,Helias Catholic,8,Oakville,3
2023-08-26,Rockwood Summit,5,Oakville,2
2023-08-26,St. Michael the Archangel,3,Odessa,8
2023-08-26,Webster Groves,12,Owensville,3
2023-08-26,Halfway,5,Ozark,3
2023-08-26,Fort Osage,4,Park Hill,3
2023-08-26,William Chrisman,3,Park Hill,8
2023-08-26,Ritenour,7,Parkway South,8
2023-08-26,St. Joseph's Academy,17,Perryville,2
2023-08-26,Grain Valley,9,Platte County,1
2023-08-26,Bishop LeBlond,1,Plattsburg,5
2023-08-26,Polo,4,Plattsburg,14
2023-08-26,Grain Valley,0,Raymore-Peculiar,1
2023-08-26,Kearney,0,Raymore-Peculiar,10
2023-08-26,Norwood,5,Reeds Spring,1
2023-08-26,Halfway,6,Reeds Spring,2
2023-08-26,New Covenant Academy,7,Reeds Spring,8
2023-08-26,Sherwood,0,Republic,2
2023-08-26,Rock Bridge,7,Rockwood Summit,0
2023-08-26,Lutheran South,2,Rolla,6
2023-08-26,Union,3,Seckman,1
2023-08-26,Chaffee,9,Sikeston,0
2023-08-26,Fayette,0,Savannah,8
2023-08-26,Eugene,4,Savannah,9
2023-08-26,Notre Dame de Sion,14,St. Pius X (Kansas City),1
2023-08-26,Washington,2,Webb City,0
2023-08-26,Capital City,4,Webb City,5
2023-08-26,Fort Osage,9,St. Charles,1
2023-08-26,Pleasant Hill,14,St. Charles,9
2023-08-26,Notre Dame (Cape Girardeau),12,St. Clair,3
2023-08-26,Hartville,1,Waynesville,0
2023-08-26,Windsor (Imperial),8,Webster Groves,6
2023-08-26,Liberty (Wentzville),9,Webster Groves,7
2023-08-26,Hartville,4,West Plains,1
2023-08-26,Weaubleau,7,Wheatland,4
2023-08-26,Marion C. Early,0,Willard,4
2023-08-26,Smithville,20,William Chrisman,2
2023-08-28,Van-Far,10,California,0
2023-08-28,Cassville,4,Carl Junction,8
2023-08-28,Camdenton,6,Carthage,1
2023-08-28,Kirksville,5,Chillicothe,7
2023-08-28,Lexington,8,Clinton,17
2023-08-28,Laquey,8,Crocker,4
2023-08-28,Slater,10,Cuba,0
2023-08-28,North Platte,14,DeKalb,5
2023-08-28,North County,8,DeSoto,12
2023-08-28,Newburg,4,Dixon,12
2023-08-28,St. Elizabeth,19,East Buchanan,0
2023-08-28,St. Clair,7,East Carter,15
2023-08-28,Hillcrest,16,Fair Play,5
2023-08-28,Holt,0,Francis Howell Central,17
2023-08-28,Parkway Central,6,Francis Howell North,7
2023-08-28,Kirkwood,6,Francis Howell North,9
2023-08-28,Jefferson (Festus),5,Fredericktown,9
2023-08-28,Pacific,11,Ft. Zumwalt North,10
2023-08-28,Hannibal,0,Fulton,15
2023-08-28,Community,7,Glasgow,6
2023-08-28,Branson,10,Glendale,11
2023-08-28,Maplewood-Richmond Hts.,12,Hancock,2
2023-08-28,Norwood,6,Hartville,15
2023-08-28,Cor Jesu Academy,20,Hazelwood West,5
2023-08-28,Parkway West,14,Hazelwood West,4
2023-08-28,Parkway North,0,Hillsboro,2
2023-08-28,University City,2,Hillsboro,18
2023-08-28,Kickapoo,4,Joplin,14
2023-08-28,Parkway Central,7,Kirkwood,4
2023-08-28,Lawson,15,Lafayette County,1
2023-08-28,Blue Springs,19,Lee's Summit,1
2023-08-28,Vienna,3,Linn,11
2023-08-28,Webster Groves,6,Lutheran South,3
2023-08-28,Central (Springfield),5,Macks Creek,15
2023-08-28,Centralia,8,Macon,0
2023-08-28,Monroe City,14,Mark Twain,2
2023-08-28,North Andrew,7,Maryville,8
2023-08-28,St. Pius X (Kansas City),2,Mid-Buchanan,13
2023-08-28,Willard,7,Monett,6
2023-08-28,Kelly,6,Neelyville,7
2023-08-28,La Plata,14,New Franklin,5
2023-08-28,Westran,10,Northeast (Cairo),9
2023-08-28,Father Tolton,16,Notre Dame (St. Louis),7
2023-08-28,Knob Noster,10,Notre Dame de Sion,0
2023-08-28,Fox,3,Oakville,13
2023-08-28,St. Teresa's Academy,2,Odessa,12
2023-08-28,McDonald County,3,Ozark,4
2023-08-28,Blue Springs South,9,Park Hill,2
2023-08-28,Marshfield,22,Parkview,0
2023-08-28,University City,0,Parkway North,20
2023-08-28,Orchard Farm,0,Parkway South,15
2023-08-28,Ritenour,7,Parkway South,8
2023-08-28,Cor Jesu Academy,2,Parkway West,12
2023-08-28,Marceline,18,Penney,11
2023-08-28,Windsor (Imperial),14,Perryville,0
2023-08-28,St. Charles,6,Pleasant Hill,8
2023-08-28,Schuyler County,2,Princeton,17
2023-08-28,Mercer,3,Putnam County,8
2023-08-28,Park Hill South,0,Raymore-Peculiar,2
2023-08-28,Winnetonka,13,Raytown South,3
2023-08-28,Orchard Farm,3,Ritenour,12
2023-08-28,Lincoln College Prep,8,Ruskin,25
2023-08-28,North Callaway,16,Russellville,11
2023-08-28,Moberly,6,Schuyler County,9
2023-08-28,Lathrop,1,Savannah,14
2023-08-28,Novinger,7,Scotland County,17
2023-08-28,Neosho,9,Seneca,2
2023-08-28,Warrensburg,5,Savannah,16
2023-08-28,Grain Valley,6,Smithville,0
2023-08-28,Nerinx Hall,1,St. Charles,7
2023-08-28,St. Dominic,12,St. Pius X (Festus),0
2023-08-28,McCluer North,11,STEAM Academy,12
2023-08-28,Albany,7,Trenton,8
2023-08-28,Blair Oaks,0,Troy Buchanan,2
2023-08-28,Jefferson City,6,Union,2
2023-08-28,Ft. Zumwalt West,0,Washington,11
2023-08-28,Nevada,5,Webb City,1
2023-08-28,Pattonville,2,Westminster Christian Academy,9
2023-08-28,Raytown,23,William Chrisman,12
2023-08-29,Mid-Buchanan,15,Bishop LeBlond,3
2023-08-29,Rock Bridge,0,Blue Springs,4
2023-08-29,Grain Valley,1,Blue Springs South,5
2023-08-29,Hickman,13,Boonville,10
2023-08-29,Penney,7,Brookfield,11
2023-08-29,Belle,0,California,3
2023-08-29,Clopton,0,Canton,10
2023-08-29,Schuyler County,3,Carrollton,4
2023-08-29,East Carter,20,Central (Cape Girardeau),0
2023-08-29,Perryville,6,Central (Cape Girardeau),3
2023-08-29,Bolivar,17,Central (Springfield),0
2023-08-29,Blair Oaks,12,Centralia,4
2023-08-29,Ladue Horton Watkins,18,Clayton,9
2023-08-29,Union,9,DeSoto,3
2023-08-29,Chillicothe,21,East Buchanan,6
2023-08-29,Perryville,2,East Carter,12
2023-08-29,William Chrisman,5,Excelsior Springs,15
2023-08-29,Festus,5,Farmington,10
2023-08-29,Winnetonka,0,Fort Osage,16
2023-08-29,Troy Buchanan,3,Francis Howell Central,0
2023-08-29,Ritenour,7,Francis Howell North,17
2023-08-29,Hillsboro,4,Francis Howell North,2
2023-08-29,Ft. Zumwalt East,7,Ft. Zumwalt South,10
2023-08-29,Eldon,4,Fulton,14
2023-08-29,Milan,2,Gallatin,14
2023-08-29,Russellville,12,Harrisburg,2
2023-08-29,Montgomery County,12,Hermann,2
2023-08-29,Bowling Green,4,Highland,11
2023-08-29,Cor Jesu Academy,1,Hillsboro,11
2023-08-29,Washington,21,Holt,0
2023-08-29,Laquey,0,Iberia,15
2023-08-29,Westminster Christian Academy,5,Incarnate Word Academy,0
2023-08-29,Hazelwood Central,6,Jennings,22
2023-08-29,Oak Grove,3,Kearney,5
2023-08-29,Chaffee,13,Kelly,1
2023-08-29,Clark County,0,Kirksville,15
2023-08-29,North Shelby,10,Knox County,0
2023-08-29,St. Joseph's Academy,0,Lafayette (Wildwood),15
2023-08-29,Maryville,6,Lathrop,7
2023-08-29,Richmond,0,Lawson,15
2023-08-29,Ft. Zumwalt North,8,Liberty (Wentzville),11
2023-08-29,Park Hill,7,Liberty North,1
2023-08-29,Eureka,7,Lindbergh,5
2023-08-29,Higbee,22,Linn County,5
2023-08-29,Aurora,2,Logan-Rogersville,17
2023-08-29,Palmyra,1,Louisiana,2
2023-08-29,Fair Play,18,Macks Creek,5
2023-08-29,Hallsville,9,Macon,4
2023-08-29,Hermitage,0,Marion C. Early,18
2023-08-29,Joplin,2,McDonald County,12
2023-08-29,Green City,9,Meadville,19
2023-08-29,Notre Dame (St. Louis),3,Mehlville,6
2023-08-29,Marshall,2,Mexico,17
2023-08-29,Marceline,5,Moberly,6
2023-08-29,Marshfield,3,Monett,8
2023-08-29,Cassville,0,Nevada,14
2023-08-29,Worth County,4,North Andrew,5
2023-08-29,Seckman,20,North County,0
2023-08-29,Belton,14,North Kansas City,3
2023-08-29,Marion County,15,Novinger,8
2023-08-29,Savannah,7,Odessa,8
2023-08-29,Halfway,3,Osage,7
2023-08-29,Cuba,0,Pacific,15
2023-08-29,Smithville,17,Park Hill South,20
2023-08-29,Lebanon,23,Parkview,9
2023-08-29,Parkway South,9,Parkway Central,2
2023-08-29,Parkway North,5,Parkway Central,9
2023-08-29,Parkway West,9,Parkway North,3
2023-08-29,Parkway West,10,Parkway South,11
2023-08-29,Northwest (Cedar Hill),15,Pattonville,0
2023-08-29,Liberty,4,Platte County,5
2023-08-29,Summit Christian Academy,3,Plattsburg,13
2023-08-29,Trenton,5,Putnam County,1
2023-08-29,Lee's Summit North,0,Raymore-Peculiar,15
2023-08-29,Oak Park,22,Raytown South,0
2023-08-29,Hartville,15,Reeds Spring,5
2023-08-29,Westran,1,Richland,5
2023-08-29,Cor Jesu Academy,12,Ritenour,2
2023-08-29,Kickapoo,17,Rolla,8
2023-08-29,Central (St. Joseph),4,Savannah,6
2023-08-29,La Plata,12,Schuyler County,0
2023-08-29,Carthage,9,Seneca,5
2023-08-29,Clinton,0,Sherwood,11
2023-08-29,North Callaway,11,Slater,0
2023-08-29,Polo,1,St. Elizabeth,6
2023-08-29,Fatima,2,Southern Boone,0
2023-08-29,North Point,14,St. Charles,6
2023-08-29,Timberland,9,St. Dominic,1
2023-08-29,Pilot Grove,1,Van-Far,15
2023-08-29,Owensville,2,St. Joseph's Academy,10
2023-08-29,West Platte,17,St. Pius X (Kansas City),0
2023-08-29,Lee's Summit West,14,Staley,4
2023-08-29,Albany,8,Vienna,9
2023-08-29,Raytown,2,St. Charles,19
2023-08-29,Van Buren,7,St. Clair,8
2023-08-29,St. James,0,Vienna,17
2023-08-29,Elsberry,1,Warrenton,5
2023-08-29,Hillcrest,0,Waynesville,6
2023-08-29,New Covenant Academy,0,Weaubleau,7
2023-08-29,Glendale,4,West Plains,1
2023-08-29,Walnut Grove,6,Wheatland,10
2023-08-29,St. Clair,2,Wright City,18
2023-08-30,DeKalb,3,Benton,13
2023-08-30,Smithville,0,Blue Springs South,11
2023-08-30,Nixa,16,Bolivar,1
2023-08-30,Mexico,0,Bowling Green,1
2023-08-30,Lafayette County,4,Cameron,7
2023-08-30,Linn,5,Capital City,8
2023-08-30,Notre Dame (Cape Girardeau),1,Chaffee,3
2023-08-30,Helias Catholic,11,Father Tolton,3
2023-08-30,Northwest (Cedar Hill),5,Festus,6
2023-08-30,Parkway West,2,Francis Howell North,0
2023-08-30,Westminster Christian Academy,14,Ft. Zumwalt North,7
2023-08-30,Marquette,4,Ft. Zumwalt West,10
2023-08-30,Lee's Summit,3,Grain Valley,6
2023-08-30,Belton,6,Harrisonville,1
2023-08-30,Orchard Farm,9,Hazelwood West,3
2023-08-30,University City,0,Hazelwood West,18
2023-08-30,Carl Junction,17,Hillcrest,0
2023-08-30,Parkway South,0,Hillsboro,12
2023-08-30,Lindbergh,4,Jackson,7
2023-08-30,Bayless,12,Jefferson (Festus),23
2023-08-30,Orchard Farm,9,Kirkwood,10
2023-08-30,University City,0,Kirkwood,15
2023-08-30,Savannah,1,Knob Noster,2
2023-08-30,St. Teresa's Academy,1,Lafayette (St. Joseph),16
2023-08-30,Willard,5,Lebanon,0
2023-08-30,Nerinx Hall,3,Lutheran South,10
2023-08-30,Republic,5,Marion C. Early,0
2023-08-30,Jennings,20,McCluer North,9
2023-08-30,Oakville,8,Mehlville,7
2023-08-30,Poplar Bluff,4,North County,1
2023-08-30,Bishop LeBlond,1,North Platte,12
2023-08-30,Timberland,13,North Point,8
2023-08-30,Marshall,1,Oak Grove,12
2023-08-30,Cor Jesu Academy,4,Parkway Central,3
2023-08-30,Ritenour,7,Parkway North,1
2023-08-30,Lafayette (Wildwood),4,Rockwood Summit,0
2023-08-30,Webb City,11,Rolla,5
2023-08-30,North Kansas City,19,Ruskin,0
2023-08-30,Fayette,11,Scotland County,0
2023-08-30,Fox,8,Seckman,9
2023-08-30,Excelsior Springs,5,St. Charles,6
2023-08-30,Webster Groves,4,Ursuline Academy,7
2023-08-30,Jefferson City,12,Warrensburg,4
2023-08-30,Madison,12,Westran,18
2023-08-31,Lee's Summit,3,Belton,13
2023-08-31,Cameron,3,Bishop LeBlond,4
2023-08-31,Eugene,0,Blair Oaks,4
2023-08-31,Platte County,0,Blue Springs,3
2023-08-31,Rolla,6,Bolivar,3
2023-08-31,Hallsville,12,Boonville,0
2023-08-31,Logan-Rogersville,4,Branson,2
2023-08-31,North Shelby,13,Brashear,0
2023-08-31,Parkview,2,Camdenton,22
2023-08-31,Lebanon,20,Central (Springfield),0
2023-08-31,Van Buren,0,Chaffee,14
2023-08-31,Lawson,10,Chillicothe,1
2023-08-31,Hermann,0,Community,15
2023-08-31,Kelly,10,Doniphan,8
2023-08-31,Notre Dame (Cape Girardeau),4,Doniphan,1
2023-08-31,Wright City,5,Elsberry,7
2023-08-31,Worth County,2,Fayette,17
2023-08-31,Francis Howell,7,Francis Howell Central,4
2023-08-31,Holt,0,Ft. Zumwalt East,15
2023-08-31,Ft. Zumwalt South,17,Ft. Zumwalt North,6
2023-08-31,Kickapoo,16,Glendale,5
2023-08-31,Fort Osage,1,Grain Valley,5
2023-08-31,Pilot Grove,8,Harrisburg,10
2023-08-31,McCluer North,21,Hazelwood Central,6
2023-08-31,La Plata,10,Higbee,0
2023-08-31,Pleasant Hill,0,Holden,10
2023-08-31,Hermitage,5,Humansville,1
2023-08-31,Perryville,0,Jackson,19
2023-08-31,Ozark,17,Jefferson City,7
2023-08-31,Staley,2,Kearney,3
2023-08-31,Neelyville,4,Kelly,18
2023-08-31,Harrisonville,9,Knob Noster,5
2023-08-31,Canton,9,Knox County,1
2023-08-31,North Platte,5,Lafayette (St. Joseph),3
2023-08-31,Penney,9,Lafayette County,3
2023-08-31,Liberty North,8,Lee's Summit North,7
2023-08-31,St. Charles,1,Lee's Summit West,11
2023-08-31,Central (St. Joseph),12,Liberty,7
2023-08-31,Washington,9,Liberty (Wentzville),3
2023-08-31,Owensville,2,Linn,13
2023-08-31,Bowling Green,12,Louisiana,2
2023-08-31,Mehlville,3,Lutheran South,11
2023-08-31,Monroe City,1,Macon,3
2023-08-31,Highland,14,Marceline,3
2023-08-31,Atlanta,6,Marion County,7
2023-08-31,Fulton,14,Marshall,4
2023-08-31,McDonald County,2,Marshfield,10
2023-08-31,Savannah,3,Mid-Buchanan,4
2023-08-31,Kirksville,8,Moberly,4
2023-08-31,Silex,6,Montgomery County,3
2023-08-31,Notre Dame (Cape Girardeau),8,Neelyville,1
2023-08-31,Maplewood-Richmond Hts.,1,New Bloomfield,20
2023-08-31,Wheatland,8,New Covenant Academy,2
2023-08-31,Westran,12,Newburg,2
2023-08-31,Van-Far,1,North Callaway,16
2023-08-31,Farmington,10,North County,1
2023-08-31,Vienna,3,North Harrison,9
2023-08-31,Pacific,8,Northwest (Cedar Hill),9
2023-08-31,Walnut Grove,4,Norwood,2
2023-08-31,Milan,12,Novinger,1
2023-08-31,Ft. Zumwalt West,4,Oakville,11
2023-08-31,Notre Dame de Sion,1,Odessa,9
2023-08-31,Mark Twain,7,Palmyra,15
2023-08-31,Gallatin,1,Polo,4
2023-08-31,Worth County,11,Princeton,0
2023-08-31,Schuyler County,3,Putnam County,15
2023-08-31,Lincoln College Prep,0,Raytown South,16
2023-08-31,Nevada,14,Reeds Spring,0
2023-08-31,Dixon,6,Richland,7
2023-08-31,Warrensburg,14,Richmond,3
2023-08-31,California,18,Russellville,6
2023-08-31,Clark County,19,Scotland County,1
2023-08-31,Poplar Bluff,18,Sikeston,6
2023-08-31,Clinton,7,Savannah,8
2023-08-31,Lathrop,0,St. Elizabeth,7
2023-08-31,Brookfield,11,South Shelby,7
2023-08-31,Eldon,0,Southern Boone,16
2023-08-31,St. Joseph's Academy,0,St. Dominic,21
2023-08-31,Osage,15,St. James,4
2023-08-31,West Platte,10,St. Michael the Archangel,1
2023-08-31,Benton,11,St. Teresa's Academy,12
2023-08-31,Windsor (Imperial),2,Webb City,7
2023-08-31,Carrollton,8,Summit Christian Academy,1
2023-08-31,Fatima,0,Timberland,6
2023-08-31,Maysville,5,Trenton,6
2023-08-31,North Point,4,Warrenton,2
2023-08-31,West Plains,1,Waynesville,5
2023-08-31,Winnetonka,7,William Chrisman,12
2023-08-31,St. Charles,0,Winfield,11
2023-09-01,University City,0,Bayless,15
2023-09-01,Eugene,13,Belle,7
2023-09-01,Seneca,4,Blue Springs,16
2023-09-01,Webb City,5,Blue Springs,9
2023-09-01,Carthage,4,Blue Springs,11
2023-09-01,Troy Buchanan,5,Bowling Green,0
2023-09-01,Fatima,9,Capital City,5
2023-09-01,Webb City,10,Carthage,2
2023-09-01,Seneca,5,Carthage,6
2023-09-01,Van Buren,7,Central (Cape Girardeau),6
2023-09-01,Notre Dame (Cape Girardeau),13,Central (Cape Girardeau),1
2023-09-01,Harrisburg,6,Clark County,3
2023-09-01,Parkway South,8,Cor Jesu Academy,2
2023-09-01,Westran,16,Crocker,1
2023-09-01,Laquey,8,Dixon,10
2023-09-01,Highland,11,Francis Howell Central,3
2023-09-01,Westminster Christian Academy,5,Francis Howell Central,8
2023-09-01,Warrenton,3,Francis Howell Central,7
2023-09-01,Ft. Zumwalt South,0,Ft. Zumwalt West,12
2023-09-01,Father Tolton,3,Fulton,6
2023-09-01,New Bloomfield,18,Hickman,0
2023-09-01,Warrenton,0,Highland,9
2023-09-01,North Point,20,Holt,5
2023-09-01,Halfway,21,Humansville,0
2023-09-01,Van Buren,0,Jackson,15
2023-09-01,Notre Dame (Cape Girardeau),3,Jackson,7
2023-09-01,Park Hill South,8,Joplin,9
2023-09-01,Monett,10,Joplin,2
2023-09-01,Ozark,15,Kickapoo,9
2023-09-01,Staley,8,Kickapoo,12
2023-09-01,Neosho,4,Kickapoo,5
2023-09-01,St. Dominic,1,Liberty (Wentzville),7
2023-09-01,Oakville,3,Lindbergh,4
2023-09-01,Brashear,11,Linn County,0
2023-09-01,Bolivar,11,Logan-Rogersville,12
2023-09-01,St. Charles,3,Lutheran South,10
2023-09-01,New Franklin,9,Madison,5
2023-09-01,Valley Park,20,Maplewood-Richmond Hts.,4
2023-09-01,Tri-County,10,Meadville,12
2023-09-01,Park Hill South,9,Monett,0
2023-09-01,Staley,2,Neosho,8
2023-09-01,Ladue Horton Watkins,1,Nerinx Hall,13
2023-09-01,Neosho,9,Ozark,3
2023-09-01,Staley,5,Ozark,2
2023-09-01,Rockwood Summit,5,Parkway North,3
2023-09-01,Farmington,3,Parkway West,8
2023-09-01,Iberia,15,Richland,0
2023-09-01,Webb City,14,Seneca,3
2023-09-01,Hermann,0,Slater,15
2023-09-01,Jefferson City,2,Van-Far,3
2023-09-01,Hancock,9,STEAM Academy,19
2023-09-01,Naylor,1,St. Clair,20
2023-09-01,Parkway Central,4,Webster Groves,6
2023-09-01,McDonald County,7,Willard,8
2023-09-01,Silex,4,Winfield,6
2023-09-02,Kickapoo,8,Blue Springs,5
2023-09-02,Francis Howell North,0,Bowling Green,5
2023-09-02,Winfield,3,Bowling Green,7
2023-09-02,South Shelby,5,Brookfield,9
2023-09-02,Montgomery County,7,Brookfield,5
2023-09-02,Canton,6,Brookfield,7
2023-09-02,Knox County,0,Canton,11
2023-09-02,Staley,5,Carthage,12
2023-09-02,Monett,1,Carthage,13
2023-09-02,Notre Dame (Cape Girardeau),9,Chaffee,3
2023-09-02,Montgomery County,15,Clark County,5
2023-09-02,Knox County,8,Clark County,10
2023-09-02,Marceline,15,Clopton,1
2023-09-02,Clopton,0,Community,6
2023-09-02,Marceline,6,Community,16
2023-09-02,Central (Cape Girardeau),0,Doniphan,10
2023-09-02,Jackson,18,Doniphan,2
2023-09-02,Washington,3,Francis Howell,2
2023-09-02,Lafayette (Wildwood),1,Francis Howell,7
2023-09-02,Highland,9,Francis Howell Central,8
2023-09-02,Warrenton,3,Francis Howell Central,7
2023-09-02,Fulton,17,Francis Howell North,10
2023-09-02,Troy Buchanan,10,Fulton,0
2023-09-02,Winfield,3,Fulton,5
2023-09-02,South Shelby,12,Hannibal,2
2023-09-02,Clark County,3,Hannibal,4
2023-09-02,Westminster Christian Academy,7,Highland,14
2023-09-02,Chaffee,0,Jackson,10
2023-09-02,Ozark,3,Joplin,4
2023-09-02,Seneca,0,Joplin,16
2023-09-02,Central (Cape Girardeau),2,Kelly,17
2023-09-02,Van Buren,3,Kelly,14
2023-09-02,South Shelby,10,Knox County,0
2023-09-02,Rock Bridge,4,Liberty,2
2023-09-02,Father Tolton,3,Marion C. Early,4
2023-09-02,Father Tolton,5,Mexico,2
2023-09-02,Marion C. Early,8,Mexico,9
2023-09-02,Staley,8,Monett,0
2023-09-02,Montgomery County,7,Monroe City,6
2023-09-02,Hannibal,2,Monroe City,17
2023-09-02,Canton,5,Monroe City,15
2023-09-02,New Bloomfield,4,North Callaway,8
2023-09-02,Seneca,7,Ozark,8
2023-09-02,Webb City,11,Park Hill South,8
2023-09-02,Neosho,12,Park Hill South,11
2023-09-02,Knob Noster,17,St. Pius X (Kansas City),2
2023-09-02,Winfield,1,Troy Buchanan,5
2023-09-02,Notre Dame (Cape Girardeau),7,Van Buren,3
2023-09-02,Westminster Christian Academy,7,Warrenton,2
2023-09-02,Neosho,6,Webb City,7
2023-09-04,Southern Boone,7,Father Tolton,8
2023-09-04,Lexington,16,Richmond,1
2023-09-05,North Andrew,7,Albany,2
2023-09-05,Scotland County,4,Atlanta,5
2023-09-05,St. Pius X (Kansas City),1,Bishop LeBlond,9
2023-09-05,St. Charles,0,Blue Springs South,15
2023-09-05,Elsberry,3,Bowling Green,4
2023-09-05,Ozark,14,Branson,7
2023-09-05,Macon,16,Brookfield,4
2023-09-05,Lebanon,2,Camdenton,12
2023-09-05,Westran,0,Canton,5
2023-09-05,Blair Oaks,12,Capital City,0
2023-09-05,Lafayette County,1,Carrollton,12
2023-09-05,Joplin,10,Carthage,6
2023-09-05,Poplar Bluff,6,Chaffee,10
2023-09-05,Monroe City,12,Clark County,2
2023-09-05,Pilot Grove,0,Community,14
2023-09-05,St. Teresa's Academy,23,East Buchanan,5
2023-09-05,California,9,Eldon,2
2023-09-05,Fulton,16,Eugene,6
2023-09-05,Hillsboro,10,Festus,0
2023-09-05,Raytown,0,Fort Osage,10
2023-09-05,Timberland,2,Francis Howell,1
2023-09-05,Francis Howell Central,7,Francis Howell North,11
2023-09-05,Liberty (Wentzville),15,Ft. Zumwalt South,1
2023-09-05,Troy Buchanan,7,Ft. Zumwalt West,0
2023-09-05,Putnam County,1,Gallatin,11
2023-09-05,Hillcrest,5,Glendale,15
2023-09-05,Belton,1,Grain Valley,9
2023-09-05,Novinger,16,Green City,6
2023-09-05,Schuyler County,2,Hallsville,12
2023-09-05,Moberly,17,Hannibal,0
2023-09-05,Waynesville,10,Hartville,2
2023-09-05,Maplewood-Richmond Hts.,18,Hazelwood Central,3
2023-09-05,University City,1,Hazelwood West,18
2023-09-05,Southern Boone,13,Hickman,3
2023-09-05,Centralia,14,Highland,13
2023-09-05,Walnut Grove,23,Humansville,7
2023-09-05,Linn,1,Iberia,4
2023-09-05,Van-Far,8,Jamestown,1
2023-09-05,Windsor (Imperial),13,Jefferson (Festus),2
2023-09-05,Fatima,6,Jefferson City,2
2023-09-05,Central (Springfield),0,Kickapoo,16
2023-09-05,Parkway North,8,Kirkwood,3
2023-09-05,Holden,5,Knob Noster,3
2023-09-05,Chillicothe,11,Lafayette (St. Joseph),1
2023-09-05,Dixon,12,Laquey,2
2023-09-05,Lexington,5,Lathrop,15
2023-09-05,Blue Springs,8,Lee's Summit North,6
2023-09-05,Lee's Summit West,6,Liberty,5
2023-09-05,Raymore-Peculiar,18,Liberty North,1
2023-09-05,Seckman,1,Lindbergh,11
2023-09-05,Bevier,16,Linn County,5
2023-09-05,Cassville,14,Logan-Rogersville,1
2023-09-05,Fox,1,Lutheran South,10
2023-09-05,Knox County,12,Marion County,11
2023-09-05,Montgomery County,17,Mark Twain,1
2023-09-05,Norwood,2,Marshfield,12
2023-09-05,Cameron,17,Maryville,8
2023-09-05,Reeds Spring,0,McDonald County,15
2023-09-05,Penney,17,Meadville,0
2023-09-05,Kirksville,3,Mexico,4
2023-09-05,Aurora,1,Monett,11
2023-09-05,Nixa,7,Neosho,8
2023-09-05,Harrisonville,1,Nevada,11
2023-09-05,Fayette,3,New Bloomfield,2
2023-09-05,Marion C. Early,13,New Covenant Academy,2
2023-09-05,Kelly,10,North County,0
2023-09-05,Excelsior Springs,12,North Kansas City,5
2023-09-05,New Franklin,2,Northeast (Cairo),12
2023-09-05,Parkway West,3,Northwest (Cedar Hill),1
2023-09-05,Notre Dame (St. Louis),2,Oakville,9
2023-09-05,Sherwood,2,Odessa,3
2023-09-05,North Point,17,Orchard Farm,3
2023-09-05,Boonville,12,Osage,2
2023-09-05,Hermann,0,Owensville,10
2023-09-05,La Plata,18,Palmyra,7
2023-09-05,Platte County,13,Park Hill,3
2023-09-05,Kearney,19,Park Hill South,3
2023-09-05,Bolivar,19,Parkview,0
2023-09-05,Nerinx Hall,1,Parkway South,10
2023-09-05,Webster Groves,16,Pattonville,0
2023-09-05,Sikeston,17,Perryville,8
2023-09-05,Clinton,2,Pleasant Hill,6
2023-09-05,Milan,5,Polo,7
2023-09-05,William Chrisman,19,Raytown South,7
2023-09-05,Belle,7,Richland,3
2023-09-05,Mehlville,1,Ritenour,8
2023-09-05,Summit Christian Academy,18,Ruskin,0
2023-09-05,Benton,3,Savannah,13
2023-09-05,Harrisburg,14,Schuyler County,0
2023-09-05,Louisiana,0,Silex,11
2023-09-05,Central (St. Joseph),9,Smithville,7
2023-09-05,Van-Far,1,Slater,11
2023-09-05,Maysville,0,St. Elizabeth,10
2023-09-05,Marceline,18,South Shelby,1
2023-09-05,Ursuline Academy,2,St. Dominic,8
2023-09-05,Notre Dame de Sion,6,St. Michael the Archangel,8
2023-09-05,Lee's Summit,2,Staley,12
2023-09-05,Ladue Horton Watkins,15,STEAM Academy,16
2023-09-05,Pacific,0,Webb City,10
2023-09-05,St. Clair,0,Union,25
2023-09-05,Hancock,0,Valley Park,15
2023-09-05,Russellville,3,Vienna,10
2023-09-05,Winfield,3,Warrenton,5
2023-09-05,Ft. Zumwalt East,2,Washington,6
2023-09-05,Hermitage,1,Weaubleau,8
2023-09-05,Carl Junction,7,Webb City,10
2023-09-05,Rolla,6,West Plains,1
2023-09-05,Republic,7,Willard,8
2023-09-05,Oak Park,6,Winnetonka,4
2023-09-05,Vienna,0,Worth County,7
2023-09-05,North Callaway,8,Wright City,2
2023-09-06,St. Clair,18,Bayless,11
2023-09-06,Lee's Summit West,0,Blue Springs,1
2023-09-06,Savannah,8,Boonville,2
2023-09-06,Canton,7,Bowling Green,9
2023-09-06,Jackson,15,Central (Cape Girardeau),0
2023-09-06,Moberly,4,Centralia,5
2023-09-06,Schuyler County,2,Clark County,12
2023-09-06,St. Dominic,9,Cor Jesu Academy,4
2023-09-06,Camdenton,17,Dixon,2
2023-09-06,Rockwood Summit,3,Eureka,6
2023-09-06,Notre Dame (Cape Girardeau),0,Farmington,11
2023-09-06,Slater,3,Fayette,0
2023-09-06,Ft. Zumwalt West,6,Francis Howell Central,8
2023-09-06,North Point,19,Ft. Zumwalt North,0
2023-09-06,Blair Oaks,0,Hallsville,2
2023-09-06,Notre Dame (St. Louis),18,Hancock,1
2023-09-06,Glasgow,13,Harrisburg,4
2023-09-06,Oak Grove,10,Harrisonville,2
2023-09-06,Mehlville,1,Hazelwood West,11
2023-09-06,Jefferson City,2,Helias Catholic,9
2023-09-06,Chaffee,24,Jefferson (Festus),1
2023-09-06,Raymore-Peculiar,6,Kearney,2
2023-09-06,Fox,0,Lafayette (Wildwood),16
2023-09-06,Lee's Summit,3,Liberty,4
2023-09-06,Parkway South,5,Lindbergh,2
2023-09-06,Cuba,0,Linn,15
2023-09-06,Oakville,9,Marquette,6
2023-09-06,Jennings,20,McCluer,6
2023-09-06,Bishop LeBlond,5,North Andrew,0
2023-09-06,Albany,3,Northeast Nodaway,8
2023-09-06,Kirkwood,2,Parkway Central,13
2023-09-06,Liberty (Wentzville),15,Pattonville,0
2023-09-06,Savannah,11,Penney,6
2023-09-06,Smithville,5,Platte County,16
2023-09-06,Nevada,15,Seneca,3
2023-09-06,Elsberry,6,South Shelby,1
2023-09-06,Valley Park,12,St. Pius X (Festus),4
2023-09-06,St. Teresa's Academy,6,St. Pius X (Kansas City),1
2023-09-06,Lee's Summit North,6,Staley,10
2023-09-06,University City,15,STEAM Academy,16
2023-09-06,Wheatland,6,Westran,1
2023-09-06,Washington,14,Troy Buchanan,3
2023-09-06,North Kansas City,3,St. Charles,6
2023-09-06,Parkway North,24,Ursuline Academy,10
2023-09-06,Odessa,16,Warrensburg,5
2023-09-06,St. Joseph's Academy,0,Warrenton,3
2023-09-06,Orchard Farm,0,Westminster Christian Academy,16
2023-09-06,Lincoln College Prep,0,William Chrisman,15
2023-09-06,Seckman,8,Windsor (Imperial),4
2023-09-07,Northeast (Cairo),16,Atlanta,0
2023-09-07,McDonald County,15,Aurora,3
2023-09-07,Maplewood-Richmond Hts.,9,Bayless,11
2023-09-07,Cuba,0,Belle,14
2023-09-07,Green City,6,Bevier,7
2023-09-07,West Plains,4,Bolivar,10
2023-09-07,Meadville,4,Brashear,16
2023-09-07,Highland,12,Brookfield,2
2023-09-07,Waynesville,0,Camdenton,10
2023-09-07,Savannah,18,Cameron,0
2023-09-07,North Shelby,2,Canton,13
2023-09-07,Nixa,19,Carl Junction,9
2023-09-07,Knob Noster,0,Carrollton,11
2023-09-07,Ozark,1,Carthage,2
2023-09-07,Marshfield,2,Cassville,0
2023-09-07,Naylor,7,Central (Cape Girardeau),17
2023-09-07,Rolla,25,Central (Springfield),0
2023-09-07,Fort Osage,11,Central (St. Joseph),2
2023-09-07,STEAM Academy,3,Clayton,13
2023-09-07,Climax Springs,4,Crocker,22
2023-09-07,Jackson,11,East Carter,2
2023-09-07,Blair Oaks,18,Eldon,0
2023-09-07,Clopton,0,Elsberry,3
2023-09-07,Van-Far,5,Eugene,4
2023-09-07,St. Dominic,1,Father Tolton,2
2023-09-07,Linn,0,Fatima,10
2023-09-07,St. Pius X (Festus),1,Festus,11
2023-09-07,Parkway North,6,Fox,1
2023-09-07,Francis Howell North,1,Francis Howell,5
2023-09-07,Ft. Zumwalt West,6,Francis Howell Central,8
2023-09-07,Ft. Zumwalt North,2,Ft. Zumwalt East,12
2023-09-07,Parkview,2,Glendale,19
2023-09-07,New Covenant Academy,6,Halfway,7
2023-09-07,Mexico,14,Hannibal,0
2023-09-07,Schuyler County,18,Harrisburg,3
2023-09-07,Warrensburg,8,Harrisonville,13
2023-09-07,McCluer,8,Hazelwood Central,19
2023-09-07,Webb City,15,Hermann,0
2023-09-07,Lebanon,16,Hillcrest,2
2023-09-07,Perryville,0,Hillsboro,16
2023-09-07,Lexington,1,Holden,16
2023-09-07,California,2,Iberia,12
2023-09-07,Lutheran South,6,Incarnate Word Academy,7
2023-09-07,Vienna,12,Jefferson City,7
2023-09-07,Branson,12,Joplin,18
2023-09-07,Oak Park,1,Kearney,13
2023-09-07,Doniphan,2,Kelly,3
2023-09-07,Fulton,2,Kirksville,5
2023-09-07,Marceline,19,La Plata,6
2023-09-07,Jennings,15,Ladue Horton Watkins,25
2023-09-07,Maryville,3,Lafayette (St. Joseph),6
2023-09-07,Parkway South,1,Lafayette (Wildwood),7
2023-09-07,Richmond,1,Lafayette County,6
2023-09-07,Richland,2,Laquey,3
2023-09-07,Penney,2,Lawson,7
2023-09-07,Liberty,13,Lee's Summit,2
2023-09-07,Park Hill South,3,Lee's Summit North,2
2023-09-07,Holt,0,Liberty (Wentzville),17
2023-09-07,Blue Springs South,6,Liberty North,4
2023-09-07,Higbee,8,Madison,1
2023-09-07,South Shelby,13,Marion County,1
2023-09-07,Bowling Green,5,Mark Twain,4
2023-09-07,Savannah,5,Marshall,9
2023-09-07,Polo,3,Maysville,0
2023-09-07,Normandy Collaborative,1,McCluer North,17
2023-09-07,Parkway Central,11,Mehlville,1
2023-09-07,Macon,8,Moberly,6
2023-09-07,Wright City,3,Montgomery County,7
2023-09-07,Republic,0,Neosho,3
2023-09-07,Fredericktown,10,North County,6
2023-09-07,Seckman,20,North County,0
2023-09-07,Lathrop,0,North Platte,15
2023-09-07,Winfield,5,North Point,3
2023-09-07,Cor Jesu Academy,12,Notre Dame (St. Louis),6
2023-09-07,Summit Christian Academy,2,Notre Dame de Sion,1
2023-09-07,Pleasant Hill,7,Oak Grove,12
2023-09-07,Clinton,7,Odessa,6
2023-09-07,St. Charles,7,Orchard Farm,3
2023-09-07,Monroe City,13,Palmyra,0
2023-09-07,Staley,16,Park Hill,5
2023-09-07,Lindbergh,3,Parkway West,0
2023-09-07,Glasgow,11,Pilot Grove,0
2023-09-07,William Chrisman,0,Platte County,11
2023-09-07,Mid-Buchanan,7,Plattsburg,2
2023-09-07,St. Elizabeth,16,Putnam County,3
2023-09-07,Belton,18,Raytown,0
2023-09-07,Ruskin,2,Raytown South,18
2023-09-07,Hazelwood West,13,Ritenour,14
2023-09-07,New Bloomfield,6,Russellville,4
2023-09-07,Fayette,15,Schuyler County,0
2023-09-07,Community,3,Silex,9
2023-09-07,Osage,0,Slater,10
2023-09-07,St. James,11,St. Clair,0
2023-09-07,Westminster Christian Academy,16,St. Joseph's Academy,1
2023-09-07,Lincoln College Prep,0,St. Michael the Archangel,18
2023-09-07,Benton,16,St. Pius X (Kansas City),1
2023-09-07,Princeton,13,Vienna,2
2023-09-07,Troy Buchanan,5,Timberland,4
2023-09-07,Gallatin,6,Trenton,1
2023-09-07,Neelyville,14,St. Clair,5
2023-09-07,Owensville,1,Union,11
2023-09-07,Poplar Bluff,14,Van Buren,11
2023-09-07,Louisiana,16,Van-Far,1
2023-09-07,Ft. Zumwalt South,3,Washington,13
2023-09-07,Willard,13,Webb City,3
2023-09-07,Kirkwood,3,Webster Groves,4
2023-09-07,East Buchanan,0,West Platte,10
2023-09-07,Scotland County,1,Westran,6
2023-09-07,Humansville,1,Wheatland,16
2023-09-07,North Harrison,1,Worth County,2
2023-09-08,Halfway,1,Aurora,4
2023-09-08,Riverview Gardens,2,Bayless,17
2023-09-08,Linn,10,Belle,3
2023-09-08,Novinger,7,Bevier,8
2023-09-08,Warrensburg,1,Boonville,6
2023-09-08,St. Teresa's Academy,9,Boonville,10
2023-09-08,Northwest (Cedar Hill),7,Camdenton,9
2023-09-08,Windsor (Imperial),4,Camdenton,11
2023-09-08,Van-Far,6,Camdenton,1
2023-09-08,Father Tolton,13,Carl Junction,2
2023-09-08,Van-Far,6,Carl Junction,5
2023-09-08,Northwest (Cedar Hill),6,Carl Junction,5
2023-09-08,Excelsior Springs,2,Carthage,16
2023-09-08,Jackson,8,Carthage,3
2023-09-08,St. Michael the Archangel,1,Clinton,11
2023-09-08,Lafayette County,1,Clinton,10
2023-09-08,Mid-Buchanan,14,Eldon,3
2023-09-08,Nixa,8,Eureka,5
2023-09-08,Kearney,6,Eureka,8
2023-09-08,Marion C. Early,15,Fair Play,4
2023-09-08,Washington,13,Farmington,3
2023-09-08,Festus,1,Farmington,12
2023-09-08,Union,1,Festus,2
2023-09-08,Mid-Buchanan,3,Francis Howell Central,1
2023-09-08,Eldon,4,Francis Howell Central,14
2023-09-08,St. Dominic,4,Francis Howell North,5
2023-09-08,Pacific,1,Francis Howell North,11
2023-09-08,Rolla,9,Ft. Zumwalt West,14
2023-09-08,Ozark,7,Ft. Zumwalt West,3
2023-09-08,Lee's Summit West,7,Ft. Zumwalt West,6
2023-09-08,Jackson,20,Glendale,5
2023-09-08,Excelsior Springs,1,Glendale,12
2023-09-08,Carthage,1,Glendale,2
2023-09-08,Republic,3,Grain Valley,9
2023-09-08,East Carter,5,Hartville,12
2023-09-08,Hillcrest,0,Hartville,11
2023-09-08,Climax Springs,0,Hermitage,17
2023-09-08,Jefferson City,18,Hickman,1
2023-09-08,East Carter,16,Hillcrest,1
2023-09-08,Francis Howell,21,Holt,0
2023-09-08,California,0,Iberia,10
2023-09-08,Timberland,2,Iberia,9
2023-09-08,Cor Jesu Academy,8,Incarnate Word Academy,7
2023-09-08,Excelsior Springs,6,Jackson,9
2023-09-08,Nixa,10,Kearney,3
2023-09-08,St. Charles,4,Kickapoo,9
2023-09-08,Webb City,4,Kickapoo,5
2023-09-08,Neosho,1,Kickapoo,2
2023-09-08,Parkway Central,17,Ladue Horton Watkins,0
2023-09-08,Staley,11,Lebanon,3
2023-09-08,Winfield,7,Lee's Summit,4
2023-09-08,Rolla,3,Lee's Summit West,18
2023-09-08,Ozark,3,Lee's Summit West,6
2023-09-08,Valley Park,0,Lindbergh,10
2023-09-08,Notre Dame (St. Louis),5,Lutheran South,6
2023-09-08,Republic,4,Marquette,2
2023-09-08,Grain Valley,8,Marquette,1
2023-09-08,Timberland,4,Marshfield,2
2023-09-08,North Callaway,3,Marshfield,5
2023-09-08,California,3,Marshfield,16
2023-09-08,Ft. Zumwalt East,18,McCluer North,0
2023-09-08,Iberia,10,McDonald County,2
2023-09-08,California,4,McDonald County,10
2023-09-08,North Callaway,14,McDonald County,3
2023-09-08,Kelly,16,Naylor,1
2023-09-08,North Point,4,Nevada,7
2023-09-08,Crocker,8,New Covenant Academy,18
2023-09-08,Westran,12,Newburg,2
2023-09-08,Timberland,6,North Callaway,7
2023-09-08,Linn County,0,Northeast (Cairo),13
2023-09-08,Windsor (Imperial),5,Northwest (Cedar Hill),3
2023-09-08,Walnut Grove,12,Norwood,7
2023-09-08,Rolla,3,Ozark,14
2023-09-08,Ft. Zumwalt North,3,Parkway North,13
2023-09-08,Rock Bridge,0,Raymore-Peculiar,8
2023-09-08,Parkway West,1,Rockwood Summit,8
2023-09-08,Glasgow,2,Schuyler County,12
2023-09-08,Pacific,4,Seckman,7
2023-09-08,St. Dominic,14,Seckman,0
2023-09-08,Lebanon,5,Savannah,6
2023-09-08,Staley,7,Savannah,3
2023-09-08,Father Tolton,1,Van-Far,2
2023-09-08,New Bloomfield,10,Worth County,8
2023-09-08,Neosho,6,Webb City,2
2023-09-08,Neosho,10,St. Charles,3
2023-09-08,Webb City,2,St. Charles,0
2023-09-08,Washington,6,Union,0
2023-09-08,Hazelwood Central,16,University City,23
2023-09-08,Dixon,4,Vienna,8
2023-09-08,St. Teresa's Academy,1,Warrensburg,16
2023-09-08,Laquey,1,Waynesville,11
2023-09-08,St. Charles,3,Westminster Christian Academy,18
2023-09-08,Father Tolton,10,Windsor (Imperial),0
2023-09-08,Warrenton,11,Wright City,1
2023-09-09,Madison,15,Atlanta,5
2023-09-09,Westran,10,Atlanta,3
2023-09-09,New Franklin,15,Atlanta,3
2023-09-09,Marion C. Early,5,Aurora,0
2023-09-09,Walnut Grove,3,Aurora,13
2023-09-09,Bishop LeBlond,0,Benton,6
2023-09-09,West Platte,16,Benton,2
2023-09-09,West Platte,4,Bishop LeBlond,2
2023-09-09,Branson,15,Bolivar,0
2023-09-09,Clinton,10,Boonville,4
2023-09-09,Milan,0,Brashear,15
2023-09-09,Mid-Buchanan,6,Camdenton,3
2023-09-09,Timberland,5,Camdenton,1
2023-09-09,Northeast (Cairo),10,Canton,1
2023-09-09,California,10,Carl Junction,1
2023-09-09,Eldon,2,Carl Junction,18
2023-09-09,Penney,0,Carrollton,7
2023-09-09,Polo,4,Carrollton,0
2023-09-09,Ft. Zumwalt West,2,Carthage,1
2023-09-09,Kearney,3,Carthage,1
2023-09-09,North Platte,6,Central (St. Joseph),4
2023-09-09,Maryville,6,Central (St. Joseph),8
2023-09-09,Bishop LeBlond,0,Central (St. Joseph),13
2023-09-09,Kirksville,5,Chillicothe,7
2023-09-09,Macon,3,Chillicothe,0
2023-09-09,Marshall,0,Chillicothe,15
2023-09-09,Holden,8,Chillicothe,7
2023-09-09,North Shelby,5,Clopton,5
2023-09-09,Silex,16,Clopton,0
2023-09-09,Jamestown,7,Community,5
2023-09-09,Madison,4,Community,9
2023-09-09,New Franklin,1,Community,12
2023-09-09,Plattsburg,20,DeKalb,5
2023-09-09,Maysville,7,DeKalb,6
2023-09-09,Clopton,0,Elsberry,12
2023-09-09,North Shelby,3,Elsberry,3
2023-09-09,Louisiana,5,Elsberry,6
2023-09-09,Neosho,8,Eureka,4
2023-09-09,Grain Valley,16,Eureka,1
2023-09-09,Halfway,14,Fair Play,2
2023-09-09,Union,6,Farmington,4
2023-09-09,Seckman,3,Farmington,9
2023-09-09,Jamestown,0,Fayette,10
2023-09-09,Madison,0,Fayette,16
2023-09-09,New Bloomfield,15,Fayette,5
2023-09-09,Washington,14,Festus,0
2023-09-09,Pacific,6,Festus,11
2023-09-09,North Callaway,0,Francis Howell Central,5
2023-09-09,Winfield,6,Francis Howell Central,2
2023-09-09,North Point,11,Francis Howell Central,22
2023-09-09,Seckman,2,Francis Howell North,9
2023-09-09,Washington,9,Francis Howell North,0
2023-09-09,Kickapoo,3,Ft. Zumwalt West,0
2023-09-09,Grain Valley,8,Glendale,2
2023-09-09,Neosho,6,Glendale,0
2023-09-09,Norwood,0,Halfway,6
2023-09-09,St. Joseph's Academy,7,Hartville,1
2023-09-09,Vienna,6,Hartville,3
2023-09-09,Hickman,1,Helias Catholic,16
2023-09-09,Fatima,18,Hickman,2
2023-09-09,Liberty (Wentzville),5,Highland,8
2023-09-09,Marshall,3,Holden,18
2023-09-09,Savannah,2,Holden,3
2023-09-09,Van-Far,0,Iberia,3
2023-09-09,Lee's Summit West,6,Jackson,2
2023-09-09,Webb City,14,Joplin,10
2023-09-09,Kearney,5,Kickapoo,1
2023-09-09,Savannah,16,Kirksville,1
2023-09-09,Lawson,3,Kirksville,7
2023-09-09,Macon,9,Kirksville,6
2023-09-09,North Platte,8,Lafayette (St. Joseph),10
2023-09-09,West Platte,6,Lafayette (St. Joseph),3
2023-09-09,Maryville,8,Lafayette (St. Joseph),9
2023-09-09,St. Michael the Archangel,7,Lafayette County,4
2023-09-09,St. Teresa's Academy,7,Lafayette County,8
2023-09-09,Polo,18,Lathrop,3
2023-09-09,Meadville,0,Lathrop,13
2023-09-09,Penney,14,Lathrop,1
2023-09-09,Savannah,12,Lawson,0
2023-09-09,Marshall,7,Lawson,13
2023-09-09,St. Elizabeth,7,Lawson,2
2023-09-09,Lebanon,4,Lee's Summit,2
2023-09-09,California,5,Lee's Summit,4
2023-09-09,Eldon,6,Lee's Summit,11
2023-09-09,Nixa,9,Lee's Summit West,3
2023-09-09,Montgomery County,3,Louisiana,5
2023-09-09,Silex,5,Louisiana,6
2023-09-09,St. Elizabeth,1,Macon,5
2023-09-09,St. Charles,4,Marquette,10
2023-09-09,Ozark,16,Marquette,1
2023-09-09,St. Elizabeth,3,Marshall,0
2023-09-09,Northwest (Cedar Hill),5,Marshfield,4
2023-09-09,North Platte,13,Maryville,3
2023-09-09,Plattsburg,5,Maysville,6
2023-09-09,Windsor (Imperial),6,McDonald County,5
2023-09-09,Polo,20,Meadville,0
2023-09-09,North Harrison,14,Mercer,4
2023-09-09,Hallsville,10,Mexico,5
2023-09-09,Staley,11,Mid-Buchanan,2
2023-09-09,Walnut Grove,1,Monett,9
2023-09-09,Marion C. Early,5,Monett,12
2023-09-09,Silex,1,Montgomery County,3
2023-09-09,North Shelby,4,Montgomery County,16
2023-09-09,Branson,0,Neosho,8
2023-09-09,Mid-Buchanan,0,Nevada,10
2023-09-09,Van-Far,7,Nevada,1
2023-09-09,New Franklin,1,New Bloomfield,16
2023-09-09,Father Tolton,8,North Callaway,3
2023-09-09,Worth County,9,Northeast Nodaway,5
2023-09-09,Lebanon,2,Northwest (Cedar Hill),12
2023-09-09,Lutheran South,3,Owensville,4
2023-09-09,St. Dominic,16,Pacific,0
2023-09-09,Northeast (Cairo),13,Palmyra,8
2023-09-09,Canton,12,Palmyra,13
2023-09-09,Excelsior Springs,5,Rolla,3
2023-09-09,Republic,6,Rolla,2
2023-09-09,Novinger,6,Schuyler County,8
2023-09-09,Brashear,5,Schuyler County,4
2023-09-09,Winfield,8,Savannah,2
2023-09-09,North Point,0,Savannah,8
2023-09-09,Windsor (Imperial),4,Savannah,13
2023-09-09,Macon,2,Southern Boone,9
2023-09-09,St. Elizabeth,3,Southern Boone,8
2023-09-09,Holden,9,Southern Boone,5
2023-09-09,Savannah,3,Southern Boone,6
2023-09-09,Excelsior Springs,4,Webb City,8
2023-09-09,Republic,8,Webb City,4
2023-09-09,Staley,5,Timberland,3
2023-09-09,Plattsburg,3,Trenton,2
2023-09-09,Maysville,3,Trenton,7
2023-09-09,DeKalb,4,Trenton,9
2023-09-09,Highland,1,Troy Buchanan,3
2023-09-09,Liberty (Wentzville),9,Troy Buchanan,4
2023-09-09,St. Dominic,13,Union,1
2023-09-09,St. Joseph's Academy,8,Vienna,1
2023-09-09,St. Michael the Archangel,6,Warrensburg,10
2023-09-09,Hartville,1,Waynesville,4
2023-09-09,St. Joseph's Academy,3,Waynesville,6
2023-09-09,Vienna,6,Waynesville,1
2023-09-09,Parkway North,2,Webster Groves,4
2023-09-09,Jamestown,3,Westran,2
2023-09-09,New Bloomfield,7,Westran,1
2023-09-09,Helias Catholic,8,Willard,5
2023-09-09,Fatima,13,Willard,2
2023-09-09,Father Tolton,7,Winfield,5
2023-09-11,Schuyler County,9,Atlanta,14
2023-09-11,Rock Bridge,13,Capital City,5
2023-09-11,Seneca,9,Carl Junction,6
2023-09-11,North County,3,Chaffee,2
2023-09-11,St. James,13,Cuba,2
2023-09-11,Lutheran South,14,DeSoto,0
2023-09-11,Waynesville,22,Dixon,2
2023-09-11,North Kansas City,2,Fort Osage,12
2023-09-11,Washington,16,Fox,2
2023-09-11,Farmington,13,Fredericktown,3
2023-09-11,Orchard Farm,10,Ft. Zumwalt East,18
2023-09-11,North Point,3,Ft. Zumwalt South,7
2023-09-11,Lindbergh,7,Ft. Zumwalt West,6
2023-09-11,Washington,9,Ft. Zumwalt West,2
2023-09-11,Climax Springs,0,Halfway,16
2023-09-11,University City,19,Hancock,9
2023-09-11,Savannah,0,Helias Catholic,10
2023-09-11,Mark Twain,11,Hermann,3
2023-09-11,Branson,8,Hillcrest,9
2023-09-11,Lafayette (Wildwood),3,Hillsboro,0
2023-09-11,Incarnate Word Academy,1,Hillsboro,6
2023-09-11,St. Clair,6,Jefferson (Festus),4
2023-09-11,Clayton,23,Jennings,3
2023-09-11,Perryville,0,Kelly,15
2023-09-11,Lindbergh,12,Kirkwood,2
2023-09-11,Hazelwood Central,6,Ladue Horton Watkins,17
2023-09-11,Rockwood Summit,1,Lafayette (Wildwood),11
2023-09-11,Newburg,5,Laquey,15
2023-09-11,Benton,10,Lathrop,4
2023-09-11,Liberty North,13,Lee's Summit,1
2023-09-11,New Bloomfield,1,Linn,2
2023-09-11,Hillcrest,2,Marion C. Early,16
2023-09-11,Branson,3,Marion C. Early,4
2023-09-11,Weaubleau,0,Marshfield,9
2023-09-11,McCluer North,20,McCluer,19
2023-09-11,Princeton,6,Mercer,4
2023-09-11,Lafayette (St. Joseph),0,Mid-Buchanan,10
2023-09-11,Brookfield,7,Milan,2
2023-09-11,Van-Far,1,Monroe City,12
2023-09-11,Holden,3,Nevada,1
2023-09-11,Northeast Nodaway,5,North Andrew,2
2023-09-11,Vienna,1,North Platte,7
2023-09-11,Francis Howell Central,7,Oakville,1
2023-09-11,Westran,5,Osage,10
2023-09-11,Belle,16,Owensville,1
2023-09-11,Reeds Spring,18,Parkview,0
2023-09-11,Nerinx Hall,1,Parkway Central,9
2023-09-11,Cor Jesu Academy,2,Parkway West,7
2023-09-11,Trenton,11,Penney,4
2023-09-11,Raytown,1,Platte County,18
2023-09-11,Webster Groves,5,Rockwood Summit,8
2023-09-11,Putnam County,14,Scotland County,3
2023-09-11,St. Clair,5,Sikeston,3
2023-09-11,Plattsburg,0,St. Elizabeth,10
2023-09-11,La Plata,10,South Shelby,0
2023-09-11,Ritenour,8,St. Charles,3
2023-09-11,Warrenton,2,St. Dominic,3
2023-09-11,Slater,0,Van-Far,10
2023-09-11,Belton,20,St. Teresa's Academy,6
2023-09-11,Bayless,21,STEAM Academy,5
2023-09-11,St. Pius X (Kansas City),1,Summit Christian Academy,11
2023-09-11,Liberty (Wentzville),2,Timberland,10
2023-09-11,Webb City,2,Troy Buchanan,11
2023-09-11,Eugene,23,Tuscumbia,8
2023-09-11,Mehlville,1,Ursuline Academy,11
2023-09-11,Logan-Rogersville,1,West Plains,14
2023-09-11,Parkway North,0,Westminster Christian Academy,9
2023-09-11,Fair Play,1,Wheatland,16
2023-09-11,Grain Valley,21,William Chrisman,0
2023-09-11,St. Pius X (Festus),2,Windsor (Imperial),12
2023-09-11,Raytown South,2,Winnetonka,8
2023-09-12,Worth County,4,Albany,5
2023-09-12,William Chrisman,9,Belton,10
2023-09-12,Summit Christian Academy,0,Bishop LeBlond,7
2023-09-12,Helias Catholic,2,Blair Oaks,3
2023-09-12,Blue Springs South,7,Blue Springs,3
2023-09-12,Marion C. Early,4,Bolivar,0
2023-09-12,Montgomery County,1,Bowling Green,3
2023-09-12,Willard,11,Branson,0
2023-09-12,Novinger,0,Brashear,10
2023-09-12,Chillicothe,4,Cameron,1
2023-09-12,Highland,5,Canton,3
2023-09-12,Neosho,13,Carl Junction,2
2023-09-12,Sikeston,9,Central (Cape Girardeau),0
2023-09-12,St. Clair,0,Chaffee,11
2023-09-12,Palmyra,9,Clark County,3
2023-09-12,Hazelwood Central,0,Clayton,15
2023-09-12,Warrensburg,13,Clinton,5
2023-09-12,North Callaway,11,Clopton,4
2023-09-12,Van-Far,19,Crocker,0
2023-09-12,Northeast Nodaway,9,DeKalb,4
2023-09-12,Festus,9,DeSoto,8
2023-09-12,Hartville,18,Dixon,2
2023-09-12,Eugene,10,Eldon,0
2023-09-12,Fort Osage,17,Excelsior Springs,5
2023-09-12,Kirkwood,6,Fox,6
2023-09-12,Liberty (Wentzville),14,Ft. Zumwalt East,4
2023-09-12,Fox,1,Ft. Zumwalt West,14
2023-09-12,Moberly,6,Fulton,16
2023-09-12,Madison,5,Glasgow,10
2023-09-12,Platte County,0,Grain Valley,8
2023-09-12,Linn County,9,Green City,10
2023-09-12,Walnut Grove,6,Halfway,7
2023-09-12,Harrisburg,0,Hallsville,11
2023-09-12,Monroe City,7,Hannibal,0
2023-09-12,Fair Play,7,Hermitage,9
2023-09-12,Rockwood Summit,0,Hillsboro,10
2023-09-12,Webster Groves,2,Hillsboro,13
2023-09-12,Lafayette County,2,Holden,12
2023-09-12,Marquette,2,Jackson,8
2023-09-12,Rock Bridge,6,Jefferson City,3
2023-09-12,Washington,15,Kirkwood,0
2023-09-12,Incarnate Word Academy,0,Lafayette (Wildwood),15
2023-09-12,Benton,1,Lawson,13
2023-09-12,Kickapoo,15,Lebanon,1
2023-09-12,Park Hill South,3,Lee's Summit,5
2023-09-12,Park Hill,9,Lee's Summit North,10
2023-09-12,Raymore-Peculiar,5,Lee's Summit West,4
2023-09-12,Knob Noster,5,Lexington,1
2023-09-12,Staley,5,Liberty,10
2023-09-12,Kearney,9,Liberty North,6
2023-09-12,Winnetonka,18,Lincoln College Prep,0
2023-09-12,Washington,6,Lindbergh,3
2023-09-12,Nevada,13,Logan-Rogersville,3
2023-09-12,Ft. Zumwalt North,5,Lutheran South,6
2023-09-12,Northwest (Cedar Hill),19,Maplewood-Richmond Hts.,0
2023-09-12,Reeds Spring,0,Marshfield,10
2023-09-12,Milan,1,Maysville,12
2023-09-12,Ladue Horton Watkins,20,McCluer North,4
2023-09-12,Seneca,9,McDonald County,6
2023-09-12,Atlanta,15,Meadville,4
2023-09-12,Centralia,15,Mexico,10
2023-09-12,Cassville,3,Monett,10
2023-09-12,Neelyville,25,Naylor,0
2023-09-12,Fayette,10,New Franklin,3
2023-09-12,Ozark,1,Nixa,7
2023-09-12,McCluer,13,Normandy Collaborative,3
2023-09-12,Oak Park,4,North Kansas City,3
2023-09-12,Sherwood,2,North Platte,1
2023-09-12,Odessa,3,Oak Grove,9
2023-09-12,Laquey,0,Osage,15
2023-09-12,Webb City,11,Owensville,4
2023-09-12,Hillcrest,18,Parkview,2
2023-09-12,Hazelwood West,1,Parkway Central,11
2023-09-12,Westminster Christian Academy,9,Parkway North,0
2023-09-12,Eureka,6,Parkway South,5
2023-09-12,Ursuline Academy,17,Pattonville,0
2023-09-12,St. Michael the Archangel,3,Penney,2
2023-09-12,Harrisonville,5,Pleasant Hill,8
2023-09-12,Notre Dame (Cape Girardeau),12,Poplar Bluff,5
2023-09-12,North Harrison,0,Princeton,10
2023-09-12,Polo,4,Putnam County,5
2023-09-12,Ruskin,0,Raytown,18
2023-09-12,St. Teresa's Academy,20,Raytown South,3
2023-09-12,Joplin,7,Republic,11
2023-09-12,Climax Springs,0,Richland,28
2023-09-12,Carrollton,16,Richmond,0
2023-09-12,University City,1,Ritenour,17
2023-09-12,Glendale,7,Rolla,11
2023-09-12,Tuscumbia,1,Russellville,15
2023-09-12,Maryville,1,Savannah,15
2023-09-12,Marceline,16,Schuyler County,0
2023-09-12,Knox County,19,Scotland County,3
2023-09-12,Parkway West,11,Seckman,4
2023-09-12,Mark Twain,3,Silex,16
2023-09-12,California,13,Slater,1
2023-09-12,Boonville,1,Southern Boone,6
2023-09-12,Father Tolton,4,St. Joseph's Academy,5
2023-09-12,Pacific,6,St. James,2
2023-09-12,Oakville,19,St. Joseph's Academy,1
2023-09-12,Lafayette (St. Joseph),14,St. Pius X (Kansas City),1
2023-09-12,North Andrew,8,Vienna,7
2023-09-12,Pilot Grove,7,Worth County,6
2023-09-12,St. Elizabeth,5,Trenton,2
2023-09-12,Mercer,20,Tri-County,2
2023-09-12,Francis Howell,0,Troy Buchanan,2
2023-09-12,Central (St. Joseph),10,St. Charles,11
2023-09-12,Hermann,0,Union,10
2023-09-12,Bayless,3,Valley Park,12
2023-09-12,Elsberry,16,Van-Far,0
2023-09-12,Cuba,1,Vienna,13
2023-09-12,St. Charles,0,Warrenton,15
2023-09-12,Central (Springfield),0,Waynesville,15
2023-09-12,Humansville,2,Weaubleau,5
2023-09-12,Carthage,9,Webb City,1
2023-09-12,Incarnate Word Academy,1,Webster Groves,4
2023-09-12,Orchard Farm,0,Winfield,10
2023-09-12,Louisiana,4,Wright City,8
2023-09-13,Lee's Summit West,6,Blue Springs South,9
2023-09-13,McDonald County,1,Carthage,2
2023-09-13,Nerinx Hall,0,Cor Jesu Academy,16
2023-09-13,Russellville,5,Fayette,3
2023-09-13,Lindbergh,10,Fox,0
2023-09-13,Ft. Zumwalt South,5,Francis Howell North,8
2023-09-13,Kirkwood,2,Ft. Zumwalt West,10
2023-09-13,Rockwood Summit,2,Ft. Zumwalt West,6
2023-09-13,Logan-Rogersville,5,Glendale,15
2023-09-13,Moberly,1,Hallsville,9
2023-09-13,Bayless,18,Hancock,2
2023-09-13,Clark County,4,Hannibal,14
2023-09-13,Hazelwood West,15,Hazelwood Central,0
2023-09-13,Lindbergh,2,Hillsboro,5
2023-09-13,Farmington,1,Jackson,9
2023-09-13,Central (Cape Girardeau),1,Kelly,11
2023-09-13,Neosho,2,Kickapoo,4
2023-09-13,Webster Groves,8,Kirkwood,7
2023-09-13,Webster Groves,0,Lafayette (Wildwood),14
2023-09-13,Washington,1,Lafayette (Wildwood),0
2023-09-13,Linn,23,Laquey,1
2023-09-13,Lee's Summit North,0,Liberty,10
2023-09-13,Highland,5,Louisiana,4
2023-09-13,Mexico,0,Macon,10
2023-09-13,Notre Dame (Cape Girardeau),3,North County,1
2023-09-13,Winnetonka,2,Notre Dame de Sion,3
2023-09-13,St. Charles,15,Oak Park,4
2023-09-13,Seckman,11,Oakville,10
2023-09-13,Marshall,4,Odessa,14
2023-09-13,Park Hill,1,Park Hill South,9
2023-09-13,Parkway Central,8,Parkway North,6
2023-09-13,Lutheran South,1,Parkway South,11
2023-09-13,Lexington,4,Plattsburg,14
2023-09-13,Incarnate Word Academy,0,Rockwood Summit,2
2023-09-13,Union,9,Rolla,6
2023-09-13,Notre Dame (St. Louis),4,St. Dominic,5
2023-09-13,Westminster Christian Academy,7,St. Joseph's Academy,10
2023-09-13,Lafayette County,2,St. Michael the Archangel,10
2023-09-13,Chaffee,13,St. Pius X (Festus),0
2023-09-13,Normandy Collaborative,20,STEAM Academy,21
2023-09-13,Jefferson (Festus),7,Valley Park,10
2023-09-13,Harrisburg,16,Westran,5
2023-09-13,Northwest (Cedar Hill),4,Windsor (Imperial),9
2023-09-14,Princeton,0,Albany,5
2023-09-14,Vienna,10,Belle,2
2023-09-14,Platte County,9,Belton,3
2023-09-14,Atlanta,3,Bevier,4
2023-09-14,Lafayette (St. Joseph),0,Bishop LeBlond,4
2023-09-14,Boonville,0,Blair Oaks,15
2023-09-14,Lee's Summit West,6,Blue Springs South,9
2023-09-14,Camdenton,18,Bolivar,4
2023-09-14,Palmyra,7,Bowling Green,8
2023-09-14,Neosho,1,Branson,2
2023-09-14,St. Pius X (Kansas City),1,Cameron,12
2023-09-14,Hickman,0,Capital City,15
2023-09-14,Lexington,0,Carrollton,10
2023-09-14,McDonald County,17,Cassville,5
2023-09-14,North County,7,Central (Cape Girardeau),6
2023-09-14,West Plains,26,Central (Springfield),0
2023-09-14,Oak Park,4,Central (St. Joseph),7
2023-09-14,Brookfield,4,Centralia,5
2023-09-14,Savannah,4,Chillicothe,7
2023-09-14,McCluer North,2,Clayton,21
2023-09-14,Oak Grove,16,Clinton,1
2023-09-14,Westran,6,Crocker,7
2023-09-14,Russellville,11,Cuba,0
2023-09-14,Climax Springs,0,Dixon,15
2023-09-14,Chaffee,2,Doniphan,1
2023-09-14,Osage,6,Eldon,7
2023-09-14,Halfway,17,Fair Play,1
2023-09-14,Seckman,1,Farmington,3
2023-09-14,Eugene,0,Fatima,10
2023-09-14,Westran,2,Fayette,6
2023-09-14,St. Charles,1,Fort Osage,9
2023-09-14,Ft. Zumwalt West,4,Francis Howell,5
2023-09-14,Liberty (Wentzville),17,Ft. Zumwalt North,5
2023-09-14,Maysville,2,Gallatin,7
2023-09-14,Waynesville,2,Glendale,7
2023-09-14,Scotland County,1,Harrisburg,16
2023-09-14,Odessa,11,Harrisonville,2
2023-09-14,Holt,3,Hazelwood West,13
2023-09-14,St. James,4,Hermann,6
2023-09-14,Rolla,15,Hillcrest,3
2023-09-14,Laquey,0,Iberia,16
2023-09-14,Pilot Grove,0,Jamestown,10
2023-09-14,STEAM Academy,14,Jennings,28
2023-09-14,Ozark,10,Joplin,5
2023-09-14,Parkview,0,Kickapoo,15
2023-09-14,Highland,6,Kirksville,2
2023-09-14,Lindbergh,16,Kirkwood,0
2023-09-14,Lafayette County,7,Knob Noster,8
2023-09-14,Schuyler County,5,Knox County,4
2023-09-14,Clark County,0,La Plata,15
2023-09-14,Normandy Collaborative,5,Ladue Horton Watkins,20
2023-09-14,Mid-Buchanan,16,Lathrop,6
2023-09-14,East Buchanan,2,Lawson,18
2023-09-14,Blue Springs,12,Liberty North,2
2023-09-14,Kearney,20,Lincoln College Prep,6
2023-09-14,Slater,1,Linn,8
2023-09-14,Winfield,7,Louisiana,8
2023-09-14,Schuyler County,3,Marceline,13
2023-09-14,Marshfield,1,Marion C. Early,2
2023-09-14,Van-Far,1,Mark Twain,16
2023-09-14,Benton,14,Maryville,3
2023-09-14,Fulton,14,Mexico,2
2023-09-14,Marshall,5,Moberly,7
2023-09-14,South Shelby,0,Monroe City,11
2023-09-14,Clopton,2,Montgomery County,5
2023-09-14,Poplar Bluff,28,Naylor,0
2023-09-14,St. Clair,5,Neelyville,13
2023-09-14,Van-Far,4,New Bloomfield,3
2023-09-14,Webb City,3,Nixa,1
2023-09-14,North Harrison,3,North Andrew,7
2023-09-14,Elsberry,1,North Callaway,6
2023-09-14,Linn County,3,North Shelby,19
2023-09-14,Glasgow,0,Northeast (Cairo),15
2023-09-14,Hartville,2,Norwood,5
2023-09-14,Warrenton,9,Orchard Farm,2
2023-09-14,St. Clair,1,Pacific,11
2023-09-14,Lee's Summit,4,Park Hill,7
2023-09-14,Liberty,4,Park Hill South,1
2023-09-14,St. Charles,7,Pattonville,6
2023-09-14,Plattsburg,5,Penney,3
2023-09-14,Jefferson (Festus),23,Perryville,13
2023-09-14,Trenton,1,Polo,9
2023-09-14,Green City,3,Putnam County,13
2023-09-14,Smithville,7,Raymore-Peculiar,16
2023-09-14,Grain Valley,22,Raytown,0
2023-09-14,Monett,16,Reeds Spring,0
2023-09-14,Carl Junction,0,Republic,3
2023-09-14,Holden,25,Richmond,3
2023-09-14,Winnetonka,21,Ruskin,6
2023-09-14,Logan-Rogersville,3,Seneca,10
2023-09-14,Nevada,1,Sherwood,2
2023-09-14,Canton,3,Silex,5
2023-09-14,Milan,3,St. Elizabeth,12
2023-09-14,California,2,Southern Boone,11
2023-09-14,St. Joseph's Academy,13,St. Joseph's Academy,0
2023-09-14,Excelsior Springs,11,St. Teresa's Academy,7
2023-09-14,Madison,9,Worth County,7
2023-09-14,Union,17,Webb City,7
2023-09-14,St. Michael the Archangel,3,Summit Christian Academy,5
2023-09-14,Francis Howell North,0,Timberland,8
2023-09-14,Francis Howell Central,3,Troy Buchanan,4
2023-09-14,DeSoto,6,Van Buren,8
2023-09-14,Pleasant Hill,4,Warrensburg,6
2023-09-14,North Platte,5,West Platte,0
2023-09-14,Carthage,4,Willard,1
2023-09-14,North Kansas City,6,William Chrisman,2
2023-09-14,Ft. Zumwalt East,12,Wright City,2
2023-09-15,Marshfield,9,Aurora,1
2023-09-15,Bolivar,10,Aurora,4
2023-09-15,Crocker,4,Belle,16
2023-09-15,Father Tolton,13,Blair Oaks,0
2023-09-15,Helias Catholic,5,Blue Springs,4
2023-09-15,Troy Buchanan,5,Blue Springs,1
2023-09-15,Fulton,0,Blue Springs,9
2023-09-15,Harrisonville,1,Blue Springs South,15
2023-09-15,Fort Osage,3,Blue Springs South,13
2023-09-15,La Plata,11,Brashear,0
2023-09-15,Rock Bridge,15,Camdenton,0
2023-09-15,Eureka,8,Camdenton,4
2023-09-15,Lebanon,2,Cassville,7
2023-09-15,Neosho,7,Cassville,1
2023-09-15,Neelyville,13,Central (Cape Girardeau),2
2023-09-15,Raymore-Peculiar,10,Central (St. Joseph),0
2023-09-15,Savannah,8,Central (St. Joseph),6
2023-09-15,William Chrisman,1,Central (St. Joseph),16
2023-09-15,Smithville,9,Central (St. Joseph),10
2023-09-15,Central (Springfield),10,Climax Springs,25
2023-09-15,Humansville,0,Clinton,12
2023-09-15,Worth County,0,Community,15
2023-09-15,Jackson,6,Doniphan,0
2023-09-15,Naylor,0,Doniphan,15
2023-09-15,Van-Far,6,East Carter,2
2023-09-15,Rock Bridge,7,Eureka,4
2023-09-15,Fatima,6,Farmington,4
2023-09-15,Parkway West,4,Farmington,6
2023-09-15,Capital City,3,Fatima,13
2023-09-15,Lutheran South,3,Festus,2
2023-09-15,Kelly,5,Festus,8
2023-09-15,Ft. Zumwalt South,1,Francis Howell,11
2023-09-15,St. Pius X (Festus),5,Fredericktown,15
2023-09-15,Helias Catholic,1,Fulton,5
2023-09-15,Troy Buchanan,3,Fulton,3
2023-09-15,Bolivar,3,Glendale,5
2023-09-15,Branson,1,Glendale,3
2023-09-15,Marceline,1,Hallsville,11
2023-09-15,Smithville,7,Harrisonville,8
2023-09-15,St. Elizabeth,13,Hickman,3
2023-09-15,Central (Cape Girardeau),0,Hillsboro,20
2023-09-15,Neelyville,1,Hillsboro,13
2023-09-15,Naylor,1,Jackson,19
2023-09-15,Notre Dame (Cape Girardeau),1,Jefferson City,0
2023-09-15,Hickman,7,Jefferson City,8
2023-09-15,Lutheran South,8,Kelly,11
2023-09-15,William Chrisman,1,Lafayette (St. Joseph),12
2023-09-15,Liberty North,6,Lafayette (St. Joseph),3
2023-09-15,Hallsville,12,Lee's Summit North,2
2023-09-15,Oakville,3,Lee's Summit North,7
2023-09-15,Silex,1,Liberty (Wentzville),16
2023-09-15,Blair Oaks,7,Macon,2
2023-09-15,Ozark,6,Macon,12
2023-09-15,Jamestown,18,Madison,10
2023-09-15,Branson,6,Marshfield,5
2023-09-15,Republic,1,Mid-Buchanan,5
2023-09-15,Walnut Grove,11,New Covenant Academy,13
2023-09-15,Perryville,6,North County,13
2023-09-15,Cor Jesu Academy,18,North County,1
2023-09-15,Lafayette (Wildwood),1,Northwest (Cedar Hill),3
2023-09-15,Linn County,9,Novinger,10
2023-09-15,Marceline,7,Oakville,3
2023-09-15,Father Tolton,4,Ozark,3
2023-09-15,Webb City,12,Park Hill,11
2023-09-15,Republic,4,Park Hill,5
2023-09-15,William Chrisman,0,Park Hill South,15
2023-09-15,Liberty North,10,Park Hill South,3
2023-09-15,Incarnate Word Academy,2,Parkway South,11
2023-09-15,Poplar Bluff,1,Parkway South,12
2023-09-15,Capital City,4,Parkway West,2
2023-09-15,Windsor (Imperial),16,Perryville,1
2023-09-15,Incarnate Word Academy,5,Poplar Bluff,2
2023-09-15,Willard,2,Raymore-Peculiar,6
2023-09-15,Liberty North,0,Raymore-Peculiar,16
2023-09-15,Iberia,16,Richland,1
2023-09-15,Ft. Zumwalt North,5,Ritenour,16
2023-09-15,Willard,6,Savannah,3
2023-09-15,West Plains,0,Seneca,13
2023-09-15,Neosho,11,Seneca,1
2023-09-15,Fort Osage,8,Smithville,5
2023-09-15,Notre Dame (Cape Girardeau),0,St. Elizabeth,6
2023-09-15,Rock Bridge,16,Southern Boone,0
2023-09-15,Camdenton,6,Southern Boone,6
2023-09-15,Eureka,13,Southern Boone,6
2023-09-15,Nerinx Hall,3,St. Joseph's Academy,8
2023-09-15,Francis Howell Central,2,Timberland,5
2023-09-15,Helias Catholic,4,Troy Buchanan,7
2023-09-15,Jennings,13,University City,6
2023-09-15,Mid-Buchanan,5,Webb City,4
2023-09-15,St. Dominic,3,Webster Groves,1
2023-09-15,Lebanon,5,West Plains,3
2023-09-15,Cor Jesu Academy,4,Windsor (Imperial),3
2023-09-16,Vienna,3,Albany,9
2023-09-16,Maryville,13,Albany,5
2023-09-16,Northeast Nodaway,0,Albany,3
2023-09-16,Branson,10,Aurora,9
2023-09-16,West Plains,1,Aurora,5
2023-09-16,North Shelby,10,Bevier,0
2023-09-16,Scotland County,0,Bevier,15
2023-09-16,Capital City,5,Blair Oaks,0
2023-09-16,Notre Dame (Cape Girardeau),2,Blair Oaks,14
2023-09-16,Camdenton,0,Blue Springs,11
2023-09-16,Mid-Buchanan,0,Blue Springs South,4
2023-09-16,Branson,13,Bolivar,0
2023-09-16,Lebanon,4,Bolivar,10
2023-09-16,Centralia,5,Boonville,4
2023-09-16,Helias Catholic,14,Camdenton,3
2023-09-16,Seneca,7,Cassville,3
2023-09-16,West Plains,2,Cassville,3
2023-09-16,Naylor,6,Central (Cape Girardeau),21
2023-09-16,William Chrisman,1,Central (St. Joseph),16
2023-09-16,Milan,6,Clark County,4
2023-09-16,Green City,1,Clark County,9
2023-09-16,Weaubleau,9,Clinton,11
2023-09-16,New Bloomfield,3,Community,6
2023-09-16,Lutheran South,6,Doniphan,11
2023-09-16,Neelyville,3,Doniphan,4
2023-09-16,Cuba,7,Eldon,6
2023-09-16,Troy Buchanan,2,Eureka,0
2023-09-16,Rock Bridge,8,Eureka,2
2023-09-16,Sherwood,4,Excelsior Springs,2
2023-09-16,Lee's Summit North,7,Farmington,14
2023-09-16,Macon,7,Farmington,6
2023-09-16,Father Tolton,5,Fatima,7
2023-09-16,Hallsville,0,Fatima,1
2023-09-16,Glasgow,4,Fayette,12
2023-09-16,Worth County,0,Fayette,12
2023-09-16,Parkway South,6,Festus,2
2023-09-16,Jackson,5,Festus,2
2023-09-16,Valley Park,7,Fredericktown,11
2023-09-16,North Point,3,Ft. Zumwalt East,12
2023-09-16,Rock Bridge,1,Fulton,7
2023-09-16,Troy Buchanan,2,Fulton,0
2023-09-16,Worth County,0,Glasgow,11
2023-09-16,Marshfield,5,Glendale,0
2023-09-16,Aurora,3,Glendale,1
2023-09-16,Cassville,1,Glendale,13
2023-09-16,Milan,10,Green City,5
2023-09-16,St. Elizabeth,0,Hallsville,1
2023-09-16,Marshall,12,Hannibal,7
2023-09-16,Jamestown,12,Harrisburg,1
2023-09-16,Worth County,16,Harrisburg,8
2023-09-16,Park Hill,9,Harrisonville,3
2023-09-16,Lafayette (St. Joseph),14,Harrisonville,4
2023-09-16,Wheatland,13,Hermitage,5
2023-09-16,Weaubleau,19,Hermitage,0
2023-09-16,Ozark,9,Hickman,1
2023-09-16,Oakville,10,Hickman,11
2023-09-16,Parkway South,9,Hillsboro,8
2023-09-16,Wheatland,16,Humansville,4
2023-09-16,Lutheran South,5,Incarnate Word Academy,4
2023-09-16,Hillsboro,3,Jackson,1
2023-09-16,Lee's Summit North,0,Jefferson City,8
2023-09-16,Macon,4,Jefferson City,3
2023-09-16,Poplar Bluff,2,Kelly,11
2023-09-16,Central (Cape Girardeau),1,Kelly,22
2023-09-16,Slater,3,Kirksville,11
2023-09-16,Northeast (Cairo),8,Kirksville,9
2023-09-16,New Bloomfield,5,La Plata,12
2023-09-16,Northeast (Cairo),15,La Plata,16
2023-09-16,Savannah,8,Lafayette (St. Joseph),1
2023-09-16,Excelsior Springs,4,Lawson,10
2023-09-16,Sherwood,4,Lawson,0
2023-09-16,Neosho,3,Lebanon,0
2023-09-16,Pleasant Hill,2,Lee's Summit West,17
2023-09-16,Bowling Green,2,Liberty (Wentzville),12
2023-09-16,Marion County,10,Linn County,6
2023-09-16,North Shelby,11,Linn County,0
2023-09-16,Capital City,1,Marceline,10
2023-09-16,Notre Dame (Cape Girardeau),1,Marceline,4
2023-09-16,Mark Twain,8,Marion County,0
2023-09-16,Van-Far,11,Marion County,5
2023-09-16,North Shelby,10,Mark Twain,13
2023-09-16,Bolivar,3,Marshfield,6
2023-09-16,Seneca,2,Marshfield,18
2023-09-16,Northeast Nodaway,4,Maryville,2
2023-09-16,Vienna,7,Maryville,9
2023-09-16,Community,6,Moberly,11
2023-09-16,La Plata,1,Moberly,13
2023-09-16,Incarnate Word Academy,0,Neelyville,15
2023-09-16,Branson,0,Neosho,10
2023-09-16,Northeast (Cairo),7,North Callaway,5
2023-09-16,Community,9,North Callaway,7
2023-09-16,Slater,3,North Callaway,9
2023-09-16,Windsor (Imperial),11,North County,1
2023-09-16,Vienna,2,Northeast Nodaway,5
2023-09-16,Parkway West,7,Oakville,6
2023-09-16,Eldon,0,Osage,6
2023-09-16,St. James,5,Osage,12
2023-09-16,Cuba,8,Osage,13
2023-09-16,Russellville,5,Owensville,10
2023-09-16,Pacific,4,Owensville,3
2023-09-16,Vienna,3,Owensville,9
2023-09-16,Parkway West,3,Ozark,14
2023-09-16,Russellville,7,Pacific,8
2023-09-16,Vienna,7,Pacific,5
2023-09-16,Savannah,3,Park Hill,5
2023-09-16,Willard,10,Park Hill South,2
2023-09-16,Wright City,7,Pattonville,4
2023-09-16,Cor Jesu Academy,10,Perryville,0
2023-09-16,Naylor,0,Poplar Bluff,31
2023-09-16,Clark County,5,Putnam County,14
2023-09-16,Green City,2,Putnam County,7
2023-09-16,Milan,4,Putnam County,17
2023-09-16,Liberty North,0,Raymore-Peculiar,16
2023-09-16,Smithville,6,Republic,4
2023-09-16,Vienna,11,Russellville,10
2023-09-16,Van-Far,12,Scotland County,6
2023-09-16,Lebanon,3,Seneca,10
2023-09-16,Father Tolton,8,St. Elizabeth,7
2023-09-16,Helias Catholic,5,Southern Boone,6
2023-09-16,Blue Springs,10,Southern Boone,5
2023-09-16,Westminster Christian Academy,14,St. Charles,4
2023-09-16,Ft. Zumwalt East,22,St. Charles,4
2023-09-16,Eldon,3,St. James,4
2023-09-16,Cuba,1,St. James,10
2023-09-16,Crocker,25,Tuscumbia,3
2023-09-16,St. Pius X (Festus),8,Valley Park,11
2023-09-16,Fort Osage,7,Webb City,0
2023-09-16,Mexico,7,Webster Groves,8
2023-09-16,Neosho,8,West Plains,0
2023-09-16,North Point,7,Westminster Christian Academy,6
2023-09-16,Republic,10,William Chrisman,0
2023-09-18,Mercer,2,Albany,5
2023-09-18,Marshfield,5,Aurora,3
2023-09-18,St. Michael the Archangel,0,Bishop LeBlond,4
2023-09-18,Fulton,4,Blair Oaks,9
2023-09-18,Grain Valley,0,Blue Springs,6
2023-09-18,Knox County,1,Brashear,6
2023-09-18,Lafayette (St. Joseph),11,Cameron,0
2023-09-18,Carthage,2,Cassville,1
2023-09-18,East Carter,1,Chaffee,11
2023-09-18,Brookfield,20,Clark County,5
2023-09-18,Humansville,23,Climax Springs,5
2023-09-18,Laquey,2,Crocker,5
2023-09-18,Vienna,21,Cuba,1
2023-09-18,St. James,6,Dixon,3
2023-09-18,St. Clair,0,Doniphan,10
2023-09-18,Capital City,15,Eldon,0
2023-09-18,Palmyra,4,Elsberry,5
2023-09-18,Russellville,3,Eugene,14
2023-09-18,Kirkwood,0,Eureka,17
2023-09-18,Platte County,17,Excelsior Springs,4
2023-09-18,Slater,0,Fatima,10
2023-09-18,North County,0,Festus,10
2023-09-18,Webb City,0,Francis Howell,11
2023-09-18,Francis Howell North,18,Ft. Zumwalt East,8
2023-09-18,Mid-Buchanan,8,Gallatin,5
2023-09-18,North Callaway,2,Hallsville,13
2023-09-18,Parkway North,16,Hazelwood West,1
2023-09-18,Canton,1,Highland,5
2023-09-18,Odessa,2,Holden,5
2023-09-18,Osage,2,Iberia,17
2023-09-18,Seneca,5,Joplin,15
2023-09-18,St. Charles,2,Kearney,6
2023-09-18,Jefferson (Festus),3,Kelly,8
2023-09-18,Hannibal,2,Kirksville,8
2023-09-18,Parkway West,0,Lafayette (Wildwood),7
2023-09-18,Trenton,1,Lawson,11
2023-09-18,Hartville,2,Lebanon,11
2023-09-18,Lee's Summit North,4,Lee's Summit,11
2023-09-18,Liberty North,6,Lee's Summit West,5
2023-09-18,Chillicothe,13,Lexington,1
2023-09-18,Park Hill,4,Liberty,5
2023-09-18,Rockwood Summit,0,Lindbergh,9
2023-09-18,Meadville,10,Linn County,11
2023-09-18,North Shelby,0,Louisiana,2
2023-09-18,Clinton,3,Marion C. Early,1
2023-09-18,Madison,7,Mark Twain,14
2023-09-18,Mexico,8,Marshall,5
2023-09-18,Lathrop,6,Maysville,8
2023-09-18,Ladue Horton Watkins,30,McCluer,11
2023-09-18,Carl Junction,2,Monett,14
2023-09-18,Centralia,2,Monroe City,1
2023-09-18,Ursuline Academy,5,Nerinx Hall,3
2023-09-18,Rolla,3,New Bloomfield,9
2023-09-18,Community,12,New Franklin,5
2023-09-18,Belle,18,Newburg,3
2023-09-18,McDonald County,4,Nixa,5
2023-09-18,Penney,15,North Harrison,6
2023-09-18,Central (St. Joseph),19,North Kansas City,1
2023-09-18,Francis Howell Central,2,North Point,12
2023-09-18,Jackson,5,Northwest (Cedar Hill),0
2023-09-18,Sikeston,0,Notre Dame (Cape Girardeau),11
2023-09-18,Fort Osage,15,Oak Park,1
2023-09-18,Webster Groves,2,Oakville,8
2023-09-18,Staley,12,Park Hill South,7
2023-09-18,Fredericktown,13,Perryville,3
2023-09-18,Richmond,1,Plattsburg,13
2023-09-18,Tri-County,0,Polo,15
2023-09-18,Farmington,11,Poplar Bluff,3
2023-09-18,Blue Springs South,5,Raymore-Peculiar,3
2023-09-18,Lincoln College Prep,0,Raytown,15
2023-09-18,Logan-Rogersville,12,Reeds Spring,10
2023-09-18,Parkway Central,6,Ritenour,3
2023-09-18,McCluer North,17,Riverview Gardens,2
2023-09-18,North Platte,0,Savannah,8
2023-09-18,Lutheran South,4,Seckman,14
2023-09-18,Wright City,2,Silex,12
2023-09-18,Belton,7,Smithville,8
2023-09-18,Macon,1,South Shelby,4
2023-09-18,Linn,5,Van-Far,4
2023-09-18,Fox,16,St. Joseph's Academy,6
2023-09-18,Richland,6,Westran,0
2023-09-18,Atlanta,10,Worth County,6
2023-09-18,Knob Noster,0,Summit Christian Academy,3
2023-09-18,Parkway South,1,Timberland,4
2023-09-18,Hillsboro,15,Union,1
2023-09-18,Naylor,0,Van Buren,24
2023-09-18,Fair Play,0,Walnut Grove,10
2023-09-18,Holt,1,Washington,18
2023-09-18,Halfway,4,Wheatland,7
2023-09-18,Notre Dame de Sion,11,William Chrisman,8
2023-09-18,St. Teresa's Academy,12,Winnetonka,4
2023-09-19,Brashear,12,Atlanta,0
2023-09-19,Reeds Spring,21,Aurora,6
2023-09-19,East Buchanan,1,Benton,20
2023-09-19,Osage,0,Blair Oaks,16
2023-09-19,Silex,0,Bowling Green,4
2023-09-19,North Callaway,10,California,3
2023-09-19,Branson,3,Carthage,9
2023-09-19,Halfway,19,Central (Springfield),0
2023-09-19,Park Hill South,6,Central (St. Joseph),7
2023-09-19,McCluer,7,Clayton,22
2023-09-19,Odessa,13,Clinton,0
2023-09-19,Louisiana,4,Clopton,3
2023-09-19,Oakville,3,Cor Jesu Academy,5
2023-09-19,Belle,14,Cuba,4
2023-09-19,Hillsboro,16,DeSoto,0
2023-09-19,Van Buren,6,East Carter,9
2023-09-19,Harrisburg,0,Eugene,10
2023-09-19,Oak Park,5,Excelsior Springs,15
2023-09-19,Central (Cape Girardeau),1,Farmington,16
2023-09-19,Hallsville,4,Father Tolton,0
2023-09-19,Centralia,0,Fatima,2
2023-09-19,William Chrisman,0,Fort Osage,15
2023-09-19,Webster Groves,2,Fox,12
2023-09-19,Francis Howell Central,1,Francis Howell,11
2023-09-19,Troy Buchanan,10,Francis Howell North,0
2023-09-19,Doniphan,13,Fredericktown,9
2023-09-19,Ft. Zumwalt North,4,Ft. Zumwalt South,10
2023-09-19,Timberland,6,Ft. Zumwalt West,2
2023-09-19,St. Elizabeth,8,Gallatin,5
2023-09-19,New Franklin,1,Glasgow,15
2023-09-19,Camdenton,7,Glendale,8
2023-09-19,Staley,0,Grain Valley,8
2023-09-19,Valley Park,19,Hancock,1
2023-09-19,Highland,8,Hannibal,0
2023-09-19,Cassville,1,Hartville,5
2023-09-19,Southern Boone,4,Helias Catholic,7
2023-09-19,Pacific,17,Hermann,7
2023-09-19,Wheatland,17,Hermitage,7
2023-09-19,Bolivar,17,Hillcrest,4
2023-09-19,Carrollton,2,Holden,7
2023-09-19,Ft. Zumwalt East,19,Holt,4
2023-09-19,St. Pius X (Festus),15,Jefferson (Festus),0
2023-09-19,Carl Junction,6,Joplin,11
2023-09-19,Richmond,2,Knob Noster,7
2023-09-19,Fayette,2,Knox County,0
2023-09-19,Bevier,2,La Plata,17
2023-09-19,Penney,8,Lafayette (St. Joseph),1
2023-09-19,Marquette,4,Lafayette (Wildwood),8
2023-09-19,Lexington,6,Lafayette County,9
2023-09-19,Macks Creek,2,Laquey,13
2023-09-19,Polo,14,Lathrop,8
2023-09-19,Raymore-Peculiar,11,Lee's Summit,0
2023-09-19,Blue Springs South,16,Lee's Summit North,0
2023-09-19,Liberty North,5,Liberty,3
2023-09-19,Ruskin,10,Lincoln College Prep,11
2023-09-19,Canton,12,Macon,8
2023-09-19,North Shelby,14,Marion County,1
2023-09-19,Seneca,4,Marshfield,9
2023-09-19,Chillicothe,11,Maryville,8
2023-09-19,Putnam County,4,Maysville,2
2023-09-19,STEAM Academy,23,McCluer North,19
2023-09-19,University City,0,Mehlville,15
2023-09-19,Cameron,0,Mid-Buchanan,10
2023-09-19,Trenton,7,Milan,8
2023-09-19,Mexico,6,Moberly,1
2023-09-19,Nevada,2,Monett,6
2023-09-19,Sikeston,3,Neelyville,13
2023-09-19,Webb City,4,Neosho,5
2023-09-19,Norwood,6,New Covenant Academy,2
2023-09-19,Perryville,3,North County,13
2023-09-19,Albany,9,North Harrison,1
2023-09-19,Winnetonka,1,North Kansas City,10
2023-09-19,Warrenton,1,North Point,0
2023-09-19,Worth County,1,Northeast (Cairo),11
2023-09-19,North Platte,3,Notre Dame de Sion,2
2023-09-19,Willard,7,Ozark,2
2023-09-19,South Shelby,8,Palmyra,11
2023-09-19,Lee's Summit West,12,Park Hill,1
2023-09-19,Northwest (Cedar Hill),14,Parkway North,2
2023-09-19,Pattonville,0,Parkway West,10
2023-09-19,Kearney,7,Platte County,8
2023-09-19,Northeast Nodaway,4,Plattsburg,9
2023-09-19,Oak Grove,8,Pleasant Hill,6
2023-09-19,Jackson,9,Poplar Bluff,8
2023-09-19,North Andrew,6,Princeton,0
2023-09-19,Nixa,6,Republic,4
2023-09-19,Dixon,13,Richland,10
2023-09-19,Nerinx Hall,2,Ritenour,13
2023-09-19,St. Dominic,15,Rockwood Summit,1
2023-09-19,Parkview,0,Rolla,17
2023-09-19,Jefferson City,17,Russellville,6
2023-09-19,Schuyler County,18,Schuyler County,3
2023-09-19,Kirkwood,1,Seckman,12
2023-09-19,Eldon,0,Savannah,15
2023-09-19,Blue Springs,3,Smithville,4
2023-09-19,Winfield,10,St. Charles,3
2023-09-19,Webb City,15,St. Clair,0
2023-09-19,Iberia,1,Van-Far,3
2023-09-19,Notre Dame (St. Louis),0,St. Joseph's Academy,10
2023-09-19,Owensville,17,St. James,4
2023-09-19,Raytown South,0,St. Michael the Archangel,10
2023-09-19,Savannah,12,St. Pius X (Kansas City),0
2023-09-19,Belton,5,St. Charles,1
2023-09-19,Kelly,12,St. Clair,4
2023-09-19,Westminster Christian Academy,8,Ursuline Academy,4
2023-09-19,Montgomery County,20,Van-Far,2
2023-09-19,Crocker,3,Vienna,13
2023-09-19,Marion C. Early,19,Walnut Grove,1
2023-09-19,Harrisonville,11,Warrensburg,0
2023-09-19,Liberty (Wentzville),0,Washington,9
2023-09-19,Lebanon,9,Waynesville,1
2023-09-19,Kickapoo,3,West Plains,2
2023-09-19,DeKalb,1,West Platte,11
2023-09-19,Marceline,16,Westran,6
2023-09-19,Mark Twain,7,Wright City,4
2023-09-20,Jefferson (Festus),21,Bayless,8
2023-09-20,Bishop LeBlond,9,Benton,3
2023-09-20,Capital City,8,Bowling Green,0
2023-09-20,Maryville,21,East Buchanan,5
2023-09-20,Fox,2,Farmington,10
2023-09-20,Tuscumbia,0,Fatima,16
2023-09-20,St. Dominic,6,Francis Howell North,7
2023-09-20,Winfield,7,Ft. Zumwalt South,8
2023-09-20,Logan-Rogersville,11,Hillcrest,10
2023-09-20,North County,0,Hillsboro,12
2023-09-20,Ft. Zumwalt North,19,Holt,3
2023-09-20,Vienna,15,Jamestown,5
2023-09-20,Blair Oaks,7,Jefferson City,0
2023-09-20,Ozark,7,Kickapoo,5
2023-09-20,Northwest (Cedar Hill),12,Kirkwood,2
2023-09-20,Timberland,2,Lafayette (Wildwood),7
2023-09-20,St. Pius X (Kansas City),0,Lawson,15
2023-09-20,Orchard Farm,1,Liberty (Wentzville),11
2023-09-20,Ursuline Academy,12,Lutheran South,8
2023-09-20,Kirksville,5,Macon,6
2023-09-20,Rockwood Summit,9,Marquette,12
2023-09-20,Hancock,16,McCluer,14
2023-09-20,Lindbergh,10,Mehlville,0
2023-09-20,Chaffee,22,Naylor,4
2023-09-20,Washington,16,North Point,0
2023-09-20,Harrisburg,3,North Shelby,14
2023-09-20,Festus,5,Notre Dame (Cape Girardeau),4
2023-09-20,Mid-Buchanan,3,Oak Grove,1
2023-09-20,Seckman,21,Parkway North,1
2023-09-20,Parkway West,6,Parkway South,1
2023-09-20,Parkway Central,22,Pattonville,2
2023-09-20,Raytown,7,Raytown South,4
2023-09-20,Plattsburg,5,Sherwood,2
2023-09-20,Mark Twain,3,South Shelby,13
2023-09-20,St. Joseph's Academy,17,St. Clair,1
2023-09-20,Notre Dame (St. Louis),2,St. Pius X (Festus),12
2023-09-20,William Chrisman,13,St. Teresa's Academy,4
2023-09-20,Hazelwood Central,17,STEAM Academy,20
2023-09-20,Ft. Zumwalt West,2,Troy Buchanan,1
2023-09-20,Lee's Summit North,11,St. Charles,1
2023-09-20,Ritenour,9,Valley Park,0
2023-09-20,Cor Jesu Academy,20,Webster Groves,3
2023-09-20,Camdenton,9,West Plains,5
2023-09-20,Community,12,Westran,0
2023-09-21,Hartville,3,Aurora,7
2023-09-21,Hancock,1,Bayless,11
2023-09-21,Raymore-Peculiar,12,Belton,2
2023-09-21,Staley,1,Blue Springs,6
2023-09-21,Liberty,4,Blue Springs South,5
2023-09-21,Glendale,11,Bolivar,3
2023-09-21,Van-Far,0,Bowling Green,10
2023-09-21,Pilot Grove,0,California,15
2023-09-21,Central (Springfield),0,Camdenton,15
2023-09-21,Nixa,0,Carthage,1
2023-09-21,Sikeston,3,Chaffee,9
2023-09-21,Benton,1,Chillicothe,2
2023-09-21,Harrisonville,5,Clinton,8
2023-09-21,Ursuline Academy,1,Cor Jesu Academy,2
2023-09-21,Newburg,1,Crocker,11
2023-09-21,Iberia,17,Dixon,0
2023-09-21,Plattsburg,17,East Buchanan,0
2023-09-21,Oakville,1,Eureka,7
2023-09-21,Weaubleau,17,Fair Play,6
2023-09-21,Harrisburg,0,Fayette,8
2023-09-21,Francis Howell North,5,Francis Howell Central,10
2023-09-21,North County,10,Fredericktown,0
2023-09-21,Holt,0,Ft. Zumwalt North,15
2023-09-21,Marshall,0,Fulton,1
2023-09-21,Lee's Summit North,3,Grain Valley,2
2023-09-21,Southern Boone,0,Hallsville,1
2023-09-21,Canton,19,Hannibal,0
2023-09-21,Climax Springs,1,Hermitage,21
2023-09-21,Clark County,2,Highland,12
2023-09-21,West Plains,3,Hillcrest,0
2023-09-21,Knob Noster,4,Holden,10
2023-09-21,Eldon,4,Jamestown,10
2023-09-21,Central (Cape Girardeau),1,Jefferson (Festus),3
2023-09-21,McCluer North,20,Jennings,13
2023-09-21,Willard,13,Joplin,1
2023-09-21,Winnetonka,0,Kearney,13
2023-09-21,Waynesville,0,Kickapoo,10
2023-09-21,Moberly,4,Kirksville,3
2023-09-21,Parkway West,9,Kirkwood,3
2023-09-21,Westran,5,Knox County,11
2023-09-21,Green City,1,La Plata,11
2023-09-21,Carrollton,15,Lafayette County,0
2023-09-21,New Covenant Academy,4,Laquey,2
2023-09-21,Lathrop,2,Lawson,17
2023-09-21,Rolla,0,Lebanon,8
2023-09-21,Lee's Summit,4,Lee's Summit West,10
2023-09-21,Richmond,7,Lexington,1
2023-09-21,Ft. Zumwalt South,1,Liberty (Wentzville),6
2023-09-21,Park Hill South,6,Liberty North,9
2023-09-21,Summit Christian Academy,16,Lincoln College Prep,0
2023-09-21,Parkway North,1,Lindbergh,12
2023-09-21,Tuscumbia,0,Linn,15
2023-09-21,Elsberry,11,Louisiana,2
2023-09-21,Westran,2,Macks Creek,4
2023-09-21,Community,17,Madison,0
2023-09-21,Scotland County,0,Marceline,15
2023-09-21,Wheatland,0,Marion C. Early,5
2023-09-21,STEAM Academy,5,McCluer,5
2023-09-21,Ritenour,2,Mehlville,3
2023-09-21,North Platte,0,Mid-Buchanan,10
2023-09-21,Putnam County,7,Milan,1
2023-09-21,Brookfield,1,Monroe City,12
2023-09-21,North Callaway,8,Montgomery County,9
2023-09-21,Doniphan,0,Neelyville,10
2023-09-21,Ozark,0,Neosho,8
2023-09-21,Notre Dame (St. Louis),8,Nerinx Hall,4
2023-09-21,Marshfield,1,Nevada,4
2023-09-21,Eugene,2,New Bloomfield,10
2023-09-21,Worth County,10,New Franklin,14
2023-09-21,Orchard Farm,0,North Point,10
2023-09-21,Schuyler County,6,Northeast (Cairo),9
2023-09-21,Webster Groves,4,Northwest (Cedar Hill),8
2023-09-21,Jackson,2,Notre Dame (Cape Girardeau),0
2023-09-21,Warrensburg,1,Oak Grove,13
2023-09-21,Pleasant Hill,13,Odessa,8
2023-09-21,St. Clair,4,Owensville,17
2023-09-21,Union,3,Pacific,1
2023-09-21,Macon,11,Palmyra,9
2023-09-21,Central (St. Joseph),2,Park Hill,1
2023-09-21,Marquette,5,Parkway South,9
2023-09-21,Fort Osage,5,Platte County,8
2023-09-21,East Carter,4,Poplar Bluff,8
2023-09-21,North Kansas City,6,Raytown,7
2023-09-21,Halfway,9,Reeds Spring,4
2023-09-21,Hickman,3,Rock Bridge,22
2023-09-21,Bishop LeBlond,0,Savannah,10
2023-09-21,Monett,12,Seneca,2
2023-09-21,Clopton,1,Silex,3
2023-09-21,Capital City,8,Savannah,0
2023-09-21,St. Charles,8,Smithville,11
2023-09-21,Russellville,5,Slater,6
2023-09-21,Worth County,0,St. Elizabeth,3
2023-09-21,St. Joseph's Academy,5,St. Dominic,7
2023-09-21,Fatima,4,Van-Far,0
2023-09-21,Incarnate Word Academy,10,St. Joseph's Academy,2
2023-09-21,Maryville,17,St. Pius X (Kansas City),2
2023-09-21,Notre Dame de Sion,12,St. Teresa's Academy,3
2023-09-21,Gallatin,17,Vienna,1
2023-09-21,St. James,0,Webb City,15
2023-09-21,Francis Howell,5,Timberland,0
2023-09-21,Hazelwood West,14,University City,1
2023-09-21,Republic,3,Webb City,12
2023-09-21,Penney,0,West Platte,3
2023-09-21,Oak Park,10,William Chrisman,11
2023-09-21,DeSoto,8,Windsor (Imperial),18
2023-09-21,Warrenton,0,Winfield,2
2023-09-22,Linn County,7,Atlanta,8
2023-09-22,Monett,13,Aurora,0
2023-09-22,Cassville,3,Aurora,1
2023-09-22,Pleasant Hill,8,Belton,10
2023-09-22,Centralia,3,Belton,4
2023-09-22,Rock Bridge,4,Blue Springs,6
2023-09-22,Fort Osage,6,Blue Springs,5
2023-09-22,Monett,5,Cassville,7
2023-09-22,Fair Play,20,Central (Springfield),3
2023-09-22,Pleasant Hill,9,Centralia,7
2023-09-22,Marion County,0,Clopton,15
2023-09-22,North County,0,East Carter,12
2023-09-22,Van-Far,16,Eldon,8
2023-09-22,Iberia,1,Eugene,3
2023-09-22,Notre Dame (St. Louis),3,Festus,9
2023-09-22,Francis Howell,10,Ft. Zumwalt North,0
2023-09-22,Liberty North,5,Grain Valley,6
2023-09-22,Troy Buchanan,2,Grain Valley,0
2023-09-22,Norwood,1,Halfway,4
2023-09-22,Van Buren,1,Halfway,8
2023-09-22,Hartville,0,Halfway,9
2023-09-22,Raymore-Peculiar,19,Harrisonville,4
2023-09-22,Holden,6,Harrisonville,4
2023-09-22,Norwood,6,Hartville,2
2023-09-22,Van Buren,5,Hartville,8
2023-09-22,Westminster Christian Academy,13,Hazelwood West,0
2023-09-22,Ft. Zumwalt West,17,Hickman,7
2023-09-22,Raymore-Peculiar,5,Holden,2
2023-09-22,New Covenant Academy,17,Humansville,5
2023-09-22,Glasgow,3,Jamestown,1
2023-09-22,Liberty,8,Joplin,9
2023-09-22,Liberty North,8,Kearney,9
2023-09-22,Troy Buchanan,3,Kearney,4
2023-09-22,STEAM Academy,6,Ladue Horton Watkins,21
2023-09-22,Warrensburg,12,Lafayette County,3
2023-09-22,Webb City,16,Lafayette County,0
2023-09-22,Smithville,4,Liberty,11
2023-09-22,Logan-Rogersville,4,Marshfield,17
2023-09-22,Seneca,5,McDonald County,15
2023-09-22,Cor Jesu Academy,8,Mehlville,3
2023-09-22,Osage,0,Mexico,10
2023-09-22,Glendale,0,Neosho,5
2023-09-22,Seneca,0,Nevada,10
2023-09-22,California,3,New Franklin,0
2023-09-22,Rock Bridge,11,Nixa,9
2023-09-22,Fort Osage,6,Nixa,2
2023-09-22,Van Buren,1,Norwood,6
2023-09-22,Meadville,4,Novinger,6
2023-09-22,Lutheran South,21,Parkway North,4
2023-09-22,Francis Howell North,14,Pattonville,5
2023-09-22,Northeast (Cairo),15,Pilot Grove,2
2023-09-22,McCluer North,4,Ritenour,19
2023-09-22,Seckman,4,Rockwood Summit,7
2023-09-22,St. Michael the Archangel,19,Ruskin,0
2023-09-22,Wright City,1,St. Charles,4
2023-09-22,Kelly,15,St. Pius X (Festus),16
2023-09-22,Sherwood,1,St. Charles,6
2023-09-22,Orchard Farm,2,Union,9
2023-09-22,Maplewood-Richmond Hts.,0,University City,0
2023-09-22,Webb City,8,Warrensburg,4
2023-09-23,Westran,16,Atlanta,1
2023-09-23,Novinger,12,Atlanta,16
2023-09-23,Bevier,9,Atlanta,4
2023-09-23,Reeds Spring,1,Aurora,15
2023-09-23,Seneca,15,Aurora,0
2023-09-23,Sherwood,8,Belton,0
2023-09-23,Warrensburg,0,Belton,7
2023-09-23,Westran,11,Bevier,1
2023-09-23,Van-Far,6,Boonville,2
2023-09-23,California,10,Boonville,5
2023-09-23,Highland,8,Bowling Green,0
2023-09-23,Putnam County,0,Bowling Green,9
2023-09-23,Lebanon,1,Branson,8
2023-09-23,Lee's Summit,5,Branson,8
2023-09-23,Novinger,6,Brashear,10
2023-09-23,La Plata,6,Brashear,3
2023-09-23,Princeton,5,Brookfield,7
2023-09-23,Princeton,11,Cameron,7
2023-09-23,Mark Twain,1,Canton,12
2023-09-23,Community,1,Canton,3
2023-09-23,Schuyler County,2,Canton,4
2023-09-23,Logan-Rogersville,3,Cassville,4
2023-09-23,Marshfield,5,Cassville,4
2023-09-23,Harrisonville,2,Centralia,9
2023-09-23,Helias Catholic,11,Chillicothe,1
2023-09-23,Fatima,11,Chillicothe,0
2023-09-23,Clopton,7,Clark County,2
2023-09-23,North Point,15,Clopton,5
2023-09-23,Silex,5,Clopton,1
2023-09-23,South Shelby,0,Community,6
2023-09-23,Macks Creek,1,Crocker,10
2023-09-23,Cuba,1,Crocker,14
2023-09-23,Macks Creek,15,Cuba,8
2023-09-23,Newburg,3,Dixon,21
2023-09-23,Fox,4,Doniphan,8
2023-09-23,Notre Dame (Cape Girardeau),1,Doniphan,9
2023-09-23,North County,2,Doniphan,15
2023-09-23,Notre Dame (St. Louis),10,East Carter,4
2023-09-23,Clark County,2,Elsberry,13
2023-09-23,North Point,2,Elsberry,6
2023-09-23,Monroe City,5,Elsberry,7
2023-09-23,Father Tolton,13,Eugene,4
2023-09-23,Linn,3,Eugene,4
2023-09-23,Liberty (Wentzville),1,Farmington,12
2023-09-23,Webb City,1,Fatima,9
2023-09-23,Jefferson (Festus),2,Festus,16
2023-09-23,East Carter,2,Festus,7
2023-09-23,North County,5,Fox,7
2023-09-23,Sikeston,1,Fox,7
2023-09-23,St. Charles,2,Francis Howell,20
2023-09-23,Union,0,Francis Howell,18
2023-09-23,Sikeston,5,Fredericktown,3
2023-09-23,Notre Dame (Cape Girardeau),9,Fredericktown,1
2023-09-23,North County,2,Fredericktown,9
2023-09-23,Wright City,18,Ft. Zumwalt North,4
2023-09-23,Orchard Farm,9,Ft. Zumwalt North,10
2023-09-23,Rock Bridge,5,Grain Valley,6
2023-09-23,North Harrison,19,Green City,6
2023-09-23,Worth County,15,Green City,0
2023-09-23,North Callaway,7,Harrisburg,4
2023-09-23,Moberly,11,Harrisburg,7
2023-09-23,Putnam County,0,Highland,15
2023-09-23,Webb City,8,Holden,7
2023-09-23,Pleasant Hill,1,Holden,8
2023-09-23,Francis Howell Central,4,Jackson,1
2023-09-23,Capital City,0,Jefferson City,1
2023-09-23,Smithville,7,Joplin,14
2023-09-23,Novinger,0,La Plata,17
2023-09-23,Winnetonka,3,Lafayette County,1
2023-09-23,Lebanon,1,Lee's Summit,11
2023-09-23,Russellville,0,Linn,15
2023-09-23,New Bloomfield,3,Linn,10
2023-09-23,Silex,4,Louisiana,7
2023-09-23,North Point,9,Louisiana,8
2023-09-23,Monroe City,10,Louisiana,1
2023-09-23,South Shelby,6,Mark Twain,2
2023-09-23,Kirksville,9,Marshall,4
2023-09-23,Nevada,2,Marshfield,1
2023-09-23,Monett,8,McDonald County,6
2023-09-23,Van-Far,6,Mexico,7
2023-09-23,California,2,Mexico,4
2023-09-23,North Callaway,14,Moberly,1
2023-09-23,Nevada,13,Monett,0
2023-09-23,Van-Far,0,Monroe City,18
2023-09-23,Slater,8,Montgomery County,14
2023-09-23,Palmyra,12,Montgomery County,14
2023-09-23,Father Tolton,6,New Bloomfield,4
2023-09-23,Worth County,7,North Harrison,0
2023-09-23,Savannah,8,North Kansas City,4
2023-09-23,Raytown South,2,North Kansas City,12
2023-09-23,West Platte,12,North Kansas City,3
2023-09-23,Worth County,0,North Shelby,10
2023-09-23,South Shelby,8,North Shelby,7
2023-09-23,Jefferson (Festus),3,Notre Dame (St. Louis),14
2023-09-23,West Platte,2,Oak Park,8
2023-09-23,Vienna,0,Oak Park,6
2023-09-23,Savannah,4,Oak Park,10
2023-09-23,New Franklin,5,Osage,3
2023-09-23,Father Tolton,5,Owensville,2
2023-09-23,Russellville,5,Owensville,8
2023-09-23,Waynesville,7,Owensville,1
2023-09-23,Slater,13,Palmyra,18
2023-09-23,Incarnate Word Academy,11,Parkway North,1
2023-09-23,Warrensburg,1,Raymore-Peculiar,16
2023-09-23,Seneca,9,Reeds Spring,4
2023-09-23,Macks Creek,5,Richland,6
2023-09-23,Crocker,12,Richland,5
2023-09-23,Cuba,8,Richland,17
2023-09-23,Worth County,1,Schuyler County,16
2023-09-23,Raytown South,0,Savannah,15
2023-09-23,Notre Dame (Cape Girardeau),6,Sikeston,2
2023-09-23,Van-Far,1,Silex,16
2023-09-23,Eugene,5,Southern Boone,3
2023-09-23,Russellville,0,Southern Boone,7
2023-09-23,Waynesville,0,Southern Boone,8
2023-09-23,Ft. Zumwalt East,12,St. Charles,0
2023-09-23,Dixon,18,St. Clair,0
2023-09-23,St. James,9,St. Clair,5
2023-09-23,Dixon,2,St. James,7
2023-09-23,Newburg,0,St. James,13
2023-09-23,West Platte,12,Vienna,4
2023-09-23,Helias Catholic,3,Webb City,2
2023-09-23,Pleasant Hill,6,St. Charles,9
2023-09-23,Ft. Zumwalt East,4,Union,7
2023-09-23,Marquette,1,Washington,7
2023-09-23,Wheatland,3,Washington,13
2023-09-23,New Bloomfield,4,Waynesville,2
2023-09-25,West Platte,8,Bishop LeBlond,4
2023-09-25,Marshall,4,Boonville,12
2023-09-25,Monett,7,Branson,3
2023-09-25,Marceline,17,Brookfield,7
2023-09-25,Capital City,5,Camdenton,4
2023-09-25,Clark County,0,Canton,13
2023-09-25,Nevada,4,Carthage,0
2023-09-25,South Shelby,0,Centralia,15
2023-09-25,Neelyville,4,Chaffee,5
2023-09-25,Macks Creek,17,Climax Springs,0
2023-09-25,Knob Noster,0,Clinton,15
2023-09-25,Richland,15,Crocker,11
2023-09-25,Plattsburg,10,DeKalb,0
2023-09-25,St. Pius X (Festus),9,DeSoto,10
2023-09-25,Smithville,8,Excelsior Springs,5
2023-09-25,Windsor (Imperial),1,Farmington,10
2023-09-25,New Bloomfield,1,Fatima,5
2023-09-25,Perryville,0,Festus,15
2023-09-25,Belton,3,Fort Osage,5
2023-09-25,Eureka,0,Francis Howell,4
2023-09-25,Timberland,7,Francis Howell North,3
2023-09-25,Orchard Farm,5,Ft. Zumwalt North,15
2023-09-25,Hazelwood West,5,Ft. Zumwalt South,6
2023-09-25,Atlanta,9,Green City,10
2023-09-25,Osage,0,Hallsville,15
2023-09-25,Halfway,4,Hartville,15
2023-09-25,Cuba,6,Hermann,19
2023-09-25,Glasgow,15,Higbee,0
2023-09-25,Palmyra,0,Highland,15
2023-09-25,Jefferson (Festus),0,Hillsboro,15
2023-09-25,Central (Springfield),6,Humansville,22
2023-09-25,Poplar Bluff,1,Kelly,4
2023-09-25,Mexico,5,Kirksville,4
2023-09-25,Marion County,0,La Plata,10
2023-09-25,St. James,9,Laquey,3
2023-09-25,Trenton,14,Lathrop,5
2023-09-25,Blue Springs South,7,Lee's Summit,1
2023-09-25,Lee's Summit West,12,Lee's Summit North,6
2023-09-25,Blue Springs,7,Liberty,4
2023-09-25,Lafayette (Wildwood),0,Lindbergh,4
2023-09-25,Hillcrest,2,Marshfield,12
2023-09-25,Hazelwood Central,4,McCluer North,22
2023-09-25,Glendale,2,McDonald County,7
2023-09-25,Webster Groves,7,Mehlville,3
2023-09-25,Hannibal,2,Moberly,12
2023-09-25,Van Buren,19,Naylor,3
2023-09-25,Cassville,1,Neosho,12
2023-09-25,Valley Park,2,Nerinx Hall,1
2023-09-25,Parkview,1,New Covenant Academy,11
2023-09-25,Iberia,20,Newburg,0
2023-09-25,Fulton,18,North Callaway,3
2023-09-25,Ft. Zumwalt East,1,North Point,6
2023-09-25,Community,3,Northeast (Cairo),2
2023-09-25,East Buchanan,1,Northeast Nodaway,11
2023-09-25,Raytown,3,Oak Park,15
2023-09-25,Northwest (Cedar Hill),9,Oakville,7
2023-09-25,West Plains,0,Ozark,10
2023-09-25,Platte County,11,Park Hill South,7
2023-09-25,Chillicothe,5,Penney,6
2023-09-25,Winnetonka,4,Pleasant Hill,14
2023-09-25,Milan,5,Princeton,6
2023-09-25,Albany,2,Putnam County,0
2023-09-25,Park Hill,8,Raymore-Peculiar,9
2023-09-25,North Kansas City,12,Raytown South,2
2023-09-25,Summit Christian Academy,14,Richmond,1
2023-09-25,Pattonville,0,Ritenour,10
2023-09-25,Kirkwood,0,Rockwood Summit,10
2023-09-25,Kearney,22,Ruskin,0
2023-09-25,Linn,11,Russellville,0
2023-09-25,Knox County,0,Schuyler County,15
2023-09-25,North Shelby,5,Schuyler County,2
2023-09-25,Jackson,14,Sikeston,0
2023-09-25,Hickman,10,Savannah,15
2023-09-25,Eugene,4,Slater,2
2023-09-25,North Platte,2,St. Elizabeth,5
2023-09-25,St. Joseph's Academy,16,St. Charles,15
2023-09-25,Tuscumbia,0,Van-Far,18
2023-09-25,Pacific,1,St. Joseph's Academy,2
2023-09-25,Oak Grove,12,St. Michael the Archangel,0
2023-09-25,Odessa,16,St. Pius X (Kansas City),0
2023-09-25,Liberty North,16,Staley,6
2023-09-25,McCluer,5,STEAM Academy,20
2023-09-25,Norwood,5,Westran,1
2023-09-25,Rolla,5,Webb City,6
2023-09-25,William Chrisman,7,St. Charles,8
2023-09-25,Central (Cape Girardeau),0,St. Clair,9
2023-09-25,North County,3,Union,6
2023-09-25,Reeds Spring,8,Walnut Grove,20
2023-09-25,Montgomery County,5,Warrenton,11
2023-09-25,Francis Howell Central,1,Washington,6
2023-09-25,Lebanon,1,Webb City,5
2023-09-25,Macon,11,Westran,6
2023-09-25,St. Dominic,1,Winfield,2
2023-09-25,Maryville,3,Worth County,4
2023-09-26,Gallatin,7,Albany,2
2023-09-26,Seneca,5,Aurora,4
2023-09-26,Raytown,3,Belton,4
2023-09-26,Cameron,2,Benton,7
2023-09-26,Maryville,2,Bishop LeBlond,1
2023-09-26,California,0,Blair Oaks,10
2023-09-26,Raymore-Peculiar,8,Blue Springs,2
2023-09-26,Liberty North,0,Blue Springs South,11
2023-09-26,Palmyra,6,Brookfield,2
2023-09-26,Southern Boone,5,Capital City,1
2023-09-26,Carthage,4,Carl Junction,12
2023-09-26,Notre Dame (Cape Girardeau),7,Central (Cape Girardeau),1
2023-09-26,Excelsior Springs,4,Central (St. Joseph),6
2023-09-26,St. Pius X (Kansas City),0,Chillicothe,15
2023-09-26,Putnam County,12,Clark County,2
2023-09-26,Riverview Gardens,0,Clayton,18
2023-09-26,Fair Play,25,Climax Springs,0
2023-09-26,Mark Twain,2,Clopton,8
2023-09-26,Monroe City,7,Community,6
2023-09-26,Hillsboro,6,Cor Jesu Academy,1
2023-09-26,East Carter,8,Doniphan,14
2023-09-26,Lathrop,14,East Buchanan,4
2023-09-26,Hallsville,5,Eugene,4
2023-09-26,Kelly,2,Farmington,12
2023-09-26,Northwest (Cedar Hill),12,Fox,4
2023-09-26,Francis Howell,6,Francis Howell North,1
2023-09-26,Sikeston,0,Fredericktown,10
2023-09-26,Ft. Zumwalt East,10,Ft. Zumwalt North,6
2023-09-26,Washington,24,Ft. Zumwalt South,8
2023-09-26,Francis Howell Central,4,Ft. Zumwalt West,7
2023-09-26,Kirksville,3,Fulton,13
2023-09-26,Marceline,16,Harrisburg,0
2023-09-26,New Covenant Academy,3,Hartville,6
2023-09-26,Ladue Horton Watkins,14,Hazelwood Central,3
2023-09-26,Atlanta,8,Higbee,9
2023-09-26,Central (Springfield),1,Hillcrest,16
2023-09-26,Liberty (Wentzville),17,Holt,0
2023-09-26,Fatima,8,Iberia,4
2023-09-26,Tuscumbia,1,Jamestown,16
2023-09-26,Cuba,6,Jefferson (Festus),16
2023-09-26,McCluer,13,Jennings,13
2023-09-26,Raytown South,0,Kearney,15
2023-09-26,Camdenton,6,Kickapoo,4
2023-09-26,Carrollton,11,Knob Noster,0
2023-09-26,South Shelby,6,Knox County,3
2023-09-26,Novinger,0,La Plata,15
2023-09-26,Bolivar,9,Lebanon,8
2023-09-26,Staley,13,Lee's Summit,9
2023-09-26,Liberty,9,Lee's Summit North,7
2023-09-26,Grain Valley,9,Lee's Summit West,11
2023-09-26,Notre Dame de Sion,21,Lincoln College Prep,4
2023-09-26,Highland,5,Macon,3
2023-09-26,Canton,17,Marion County,0
2023-09-26,Vienna,2,Maysville,9
2023-09-26,Bevier,7,Meadville,9
2023-09-26,Penney,3,Mid-Buchanan,9
2023-09-26,North Harrison,10,Milan,0
2023-09-26,Northeast (Cairo),8,Moberly,0
2023-09-26,Logan-Rogersville,0,Monett,15
2023-09-26,St. Clair,23,Naylor,0
2023-09-26,North County,2,Neelyville,11
2023-09-26,Joplin,3,Neosho,4
2023-09-26,Father Tolton,16,New Bloomfield,5
2023-09-26,Louisiana,6,North Callaway,5
2023-09-26,Fort Osage,13,North Kansas City,2
2023-09-26,Plattsburg,0,North Platte,1
2023-09-26,Marion C. Early,4,Norwood,0
2023-09-26,Clinton,5,Oak Grove,18
2023-09-26,Harrisonville,0,Odessa,3
2023-09-26,Crocker,5,Osage,11
2023-09-26,Owensville,4,Pacific,7
2023-09-26,Park Hill South,1,Park Hill,11
2023-09-26,St. Dominic,21,Parkway North,4
2023-09-26,Nerinx Hall,1,Parkway West,15
2023-09-26,Madison,4,Pilot Grove,19
2023-09-26,Warrensburg,0,Pleasant Hill,6
2023-09-26,Trenton,7,Princeton,0
2023-09-26,Cassville,15,Reeds Spring,0
2023-09-26,Branson,10,Republic,2
2023-09-26,Macks Creek,0,Richland,10
2023-09-26,Lafayette County,5,Richmond,9
2023-09-26,Helias Catholic,2,Rock Bridge,11
2023-09-26,Parkway South,5,Rockwood Summit,6
2023-09-26,Waynesville,5,Rolla,1
2023-09-26,Dixon,7,Russellville,18
2023-09-26,Westran,2,Schuyler County,13
2023-09-26,North Andrew,2,Savannah,4
2023-09-26,Schuyler County,9,Scotland County,7
2023-09-26,Holden,0,Sherwood,2
2023-09-26,Van-Far,3,Silex,14
2023-09-26,Orchard Farm,1,St. Charles,7
2023-09-26,Hermann,1,St. Clair,6
2023-09-26,Union,6,St. James,2
2023-09-26,Summit Christian Academy,5,St. Michael the Archangel,3
2023-09-26,Timberland,1,Troy Buchanan,6
2023-09-26,Oak Park,8,St. Charles,17
2023-09-26,Belle,4,Vienna,7
2023-09-26,Marshfield,17,Walnut Grove,2
2023-09-26,Ozark,13,Webb City,6
2023-09-26,Parkview,0,West Plains,15
2023-09-26,Lawson,4,West Platte,5
2023-09-26,Nixa,0,Willard,3
2023-09-26,Platte County,18,William Chrisman,2
2023-09-26,North Point,6,Winfield,7
2023-09-26,Smithville,13,Winnetonka,1
2023-09-26,Bowling Green,10,Wright City,1
2023-09-27,Warrensburg,0,Belton,12
2023-09-27,Maryville,12,Benton,16
2023-09-27,Savannah,1,California,3
2023-09-27,Brashear,25,Clark County,12
2023-09-27,Blair Oaks,0,Fatima,9
2023-09-27,Jackson,12,Fox,2
2023-09-27,Timberland,2,Francis Howell Central,0
2023-09-27,Parkway South,7,Francis Howell North,2
2023-09-27,St. Pius X (Festus),3,Fredericktown,5
2023-09-27,Helias Catholic,16,Hickman,1
2023-09-27,Elsberry,2,Highland,14
2023-09-27,Seckman,5,Hillsboro,4
2023-09-27,Ladue Horton Watkins,13,Jennings,23
2023-09-27,Lafayette (Wildwood),14,Kirkwood,0
2023-09-27,St. Charles,4,Lee's Summit,5
2023-09-27,Holden,11,Lexington,1
2023-09-27,Hannibal,4,Louisiana,17
2023-09-27,Glendale,4,Marshfield,5
2023-09-27,McDonald County,0,Nevada,14
2023-09-27,Harrisburg,5,New Franklin,7
2023-09-27,Vienna,16,Newburg,0
2023-09-27,Marquette,8,Northwest (Cedar Hill),13
2023-09-27,Rockwood Summit,3,Oakville,4
2023-09-27,Lee's Summit North,4,Park Hill South,7
2023-09-27,Ritenour,3,Parkway Central,2
2023-09-27,Notre Dame (St. Louis),7,Parkway North,4
2023-09-27,Eureka,1,Parkway West,0
2023-09-27,Harrisonville,4,Sherwood,6
2023-09-27,DeSoto,10,St. Clair,5
2023-09-27,Washington,9,St. Joseph's Academy,0
2023-09-27,Dixon,7,Westran,10
2023-09-27,Holt,0,Troy Buchanan,21
2023-09-27,Incarnate Word Academy,3,Ursuline Academy,5
2023-09-27,Orchard Farm,4,Valley Park,10
2023-09-27,Liberty (Wentzville),3,Warrenton,4
2023-09-27,Lutheran South,2,Westminster Christian Academy,3
2023-09-28,Kickapoo,9,Bolivar,1
2023-09-28,Webb City,5,Branson,2
2023-09-28,Schuyler County,3,Brookfield,13
2023-09-28,Boonville,10,California,3
2023-09-28,Hillcrest,4,Camdenton,14
2023-09-28,Richmond,0,Carrollton,15
2023-09-28,Aurora,0,Cassville,11
2023-09-28,Glendale,19,Central (Springfield),0
2023-09-28,Clark County,0,Centralia,10
2023-09-28,Macon,9,Chillicothe,1
2023-09-28,Jennings,1,Clayton,11
2023-09-28,Pleasant Hill,17,Clinton,7
2023-09-28,Valley Park,3,Cor Jesu Academy,19
2023-09-28,St. James,12,Crocker,4
2023-09-28,Dixon,20,Cuba,5
2023-09-28,Van Buren,1,Doniphan,12
2023-09-28,Neelyville,9,East Carter,6
2023-09-28,Linn,10,Eugene,9
2023-09-28,Winnetonka,4,Excelsior Springs,11
2023-09-28,Central (St. Joseph),3,Fort Osage,11
2023-09-28,Troy Buchanan,0,Francis Howell,2
2023-09-28,Ft. Zumwalt West,2,Francis Howell North,10
2023-09-28,Holt,1,Ft. Zumwalt South,16
2023-09-28,William Chrisman,0,Grain Valley,15
2023-09-28,Eldon,0,Hallsville,15
2023-09-28,Fulton,16,Hannibal,0
2023-09-28,Knox County,8,Harrisburg,2
2023-09-28,Jamestown,7,Higbee,1
2023-09-28,St. Dominic,4,Incarnate Word Academy,3
2023-09-28,Chaffee,3,Jackson,11
2023-09-28,Festus,13,Jefferson (Festus),1
2023-09-28,Owensville,8,Jefferson City,12
2023-09-28,St. Elizabeth,4,Kearney,5
2023-09-28,Fox,3,Kirkwood,7
2023-09-28,Lexington,4,Knob Noster,10
2023-09-28,Savannah,10,Lafayette (St. Joseph),2
2023-09-28,Holden,10,Lafayette County,0
2023-09-28,West Plains,1,Lebanon,5
2023-09-28,Blue Springs,8,Lee's Summit West,7
2023-09-28,Ft. Zumwalt East,1,Liberty (Wentzville),4
2023-09-28,Northwest (Cedar Hill),4,Lindbergh,6
2023-09-28,McDonald County,9,Logan-Rogersville,5
2023-09-28,Parkway West,3,Lutheran South,1
2023-09-28,Northeast (Cairo),13,Madison,4
2023-09-28,Fayette,3,Marceline,10
2023-09-28,Bevier,14,Marion County,8
2023-09-28,Elsberry,19,Mark Twain,2
2023-09-28,Eureka,20,Marquette,8
2023-09-28,Parkway Central,7,Mehlville,1
2023-09-28,Tri-County,2,Mercer,16
2023-09-28,Moberly,7,Mexico,17
2023-09-28,Lawson,2,Mid-Buchanan,3
2023-09-28,Canton,2,Monroe City,7
2023-09-28,Louisiana,2,Montgomery County,7
2023-09-28,Slater,6,New Bloomfield,16
2023-09-28,Joplin,1,Nixa,11
2023-09-28,St. Charles,12,North Kansas City,7
2023-09-28,East Buchanan,0,North Platte,15
2023-09-28,South Shelby,2,North Shelby,6
2023-09-28,DeKalb,2,Northeast Nodaway,3
2023-09-28,Laquey,5,Norwood,11
2023-09-28,Bishop LeBlond,12,Notre Dame de Sion,3
2023-09-28,Harrisonville,0,Oak Grove,5
2023-09-28,Warrensburg,6,Odessa,16
2023-09-28,Winfield,15,Orchard Farm,0
2023-09-28,Newburg,1,Osage,16
2023-09-28,Carl Junction,0,Ozark,10
2023-09-28,Windsor (Imperial),3,Pacific,6
2023-09-28,Waynesville,16,Parkview,0
2023-09-28,St. Joseph's Academy,11,Parkway North,3
2023-09-28,Lathrop,8,Penney,18
2023-09-28,DeSoto,16,Perryville,3
2023-09-28,New Franklin,10,Pilot Grove,6
2023-09-28,Albany,0,Polo,12
2023-09-28,Central (Cape Girardeau),1,Poplar Bluff,10
2023-09-28,Princeton,13,Putnam County,8
2023-09-28,Liberty North,3,Raymore-Peculiar,4
2023-09-28,Platte County,18,Raytown,1
2023-09-28,Carthage,7,Republic,8
2023-09-28,Vienna,21,Richland,3
2023-09-28,University City,2,Ritenour,12
2023-09-28,Rock Bridge,17,Rolla,1
2023-09-28,Van-Far,11,Russellville,0
2023-09-28,Scotland County,3,Schuyler County,14
2023-09-28,Webster Groves,1,Seckman,3
2023-09-28,Kelly,17,Sikeston,0
2023-09-28,North Callaway,4,Silex,6
2023-09-28,Marshall,3,Savannah,6
2023-09-28,Ruskin,0,Smithville,15
2023-09-28,Warrenton,4,St. Charles,1
2023-09-28,Union,1,St. Joseph's Academy,9
2023-09-28,Summit Christian Academy,6,St. Teresa's Academy,2
2023-09-28,Park Hill,6,Staley,7
2023-09-28,Hartville,8,Westran,0
2023-09-28,Glasgow,15,Worth County,0
2023-09-28,Iberia,18,Tuscumbia,0
2023-09-28,Notre Dame (Cape Girardeau),14,St. Clair,1
2023-09-28,Community,12,Van-Far,0
2023-09-28,Ft. Zumwalt North,2,Washington,17
2023-09-28,Weaubleau,2,Wheatland,4
2023-09-28,Neosho,6,Willard,2
2023-09-28,Clopton,5,Wright City,8
2023-09-29,Linn,4,Belle,3
2023-09-29,Brashear,2,Bevier,12
2023-09-29,Fatima,17,Boonville,2
2023-09-29,Father Tolton,13,Boonville,3
2023-09-29,St. Teresa's Academy,0,Branson,5
2023-09-29,Marion C. Early,3,Camdenton,6
2023-09-29,Republic,3,Camdenton,1
2023-09-29,Lee's Summit North,8,Carl Junction,5
2023-09-29,Marshfield,9,Carl Junction,11
2023-09-29,Walnut Grove,31,Climax Springs,1
2023-09-29,Lindbergh,10,Cor Jesu Academy,4
2023-09-29,Iberia,15,Crocker,0
2023-09-29,Hermitage,9,Fair Play,7
2023-09-29,Weaubleau,13,Fair Play,0
2023-09-29,Father Tolton,1,Fatima,4
2023-09-29,Elsberry,22,Ft. Zumwalt East,16
2023-09-29,Park Hill,3,Ft. Zumwalt South,10
2023-09-29,Fulton,6,Ft. Zumwalt South,3
2023-09-29,Francis Howell North,4,Ft. Zumwalt West,5
2023-09-29,Park Hill,1,Fulton,15
2023-09-29,Liberty,10,Glendale,4
2023-09-29,Nixa,3,Glendale,2
2023-09-29,Macks Creek,1,Halfway,13
2023-09-29,Pattonville,0,Hazelwood West,10
2023-09-29,Weaubleau,14,Hermitage,0
2023-09-29,Lee's Summit West,8,Hickman,5
2023-09-29,Lafayette (Wildwood),15,Hickman,0
2023-09-29,Wheatland,13,Humansville,0
2023-09-29,Oak Grove,3,Jefferson City,8
2023-09-29,Blair Oaks,7,Jefferson City,0
2023-09-29,East Carter,3,Kelly,5
2023-09-29,Sherwood,3,Kickapoo,4
2023-09-29,Nevada,3,Kickapoo,1
2023-09-29,Lee's Summit West,3,Lafayette (Wildwood),2
2023-09-29,Nixa,0,Liberty,3
2023-09-29,La Plata,18,Linn County,0
2023-09-29,Willard,7,Logan-Rogersville,3
2023-09-29,Webb City,10,Logan-Rogersville,1
2023-09-29,Republic,2,Marion C. Early,1
2023-09-29,Lee's Summit North,9,Marshfield,1
2023-09-29,Madison,5,Meadville,6
2023-09-29,McDonald County,6,Neosho,12
2023-09-29,Sherwood,0,Nevada,2
2023-09-29,Central (Springfield),0,New Covenant Academy,15
2023-09-29,Parkway South,0,Northwest (Cedar Hill),3
2023-09-29,Atlanta,12,Novinger,13
2023-09-29,Blair Oaks,4,Oak Grove,9
2023-09-29,Reeds Spring,2,Park Hill South,17
2023-09-29,Webb City,3,Park Hill South,2
2023-09-29,Parkway West,9,Parkway North,3
2023-09-29,Blue Springs,2,Raymore-Peculiar,9
2023-09-29,Webb City,15,Reeds Spring,0
2023-09-29,Notre Dame (Cape Girardeau),1,Rockwood Summit,2
2023-09-29,Incarnate Word Academy,2,Rockwood Summit,4
2023-09-29,Mehlville,0,Seckman,12
2023-09-29,Doniphan,11,Sikeston,0
2023-09-29,Westminster Christian Academy,7,St. Joseph's Academy,2
2023-09-29,Lebanon,14,St. James,2
2023-09-29,Ft. Zumwalt North,8,St. Joseph's Academy,7
2023-09-29,Odessa,17,St. Michael the Archangel,3
2023-09-29,Hillsboro,18,St. Pius X (Festus),1
2023-09-29,Willard,7,Webb City,5
2023-09-29,Notre Dame (Cape Girardeau),14,St. Clair,1
2023-09-29,Neelyville,9,Van Buren,7
2023-09-29,Branson,4,West Plains,1
2023-09-29,St. Teresa's Academy,0,West Plains,7
2023-09-29,Notre Dame (Cape Girardeau),2,Windsor (Imperial),5
2023-09-29,Incarnate Word Academy,6,Windsor (Imperial),6
2023-09-30,Monett,20,Aurora,0
2023-09-30,St. Joseph's Academy,10,Belle,4
2023-09-30,Westminster Christian Academy,8,Belle,3
2023-09-30,Mid-Buchanan,10,Benton,0
2023-09-30,DeKalb,8,Benton,18
2023-09-30,Aurora,5,Bolivar,4
2023-09-30,Monett,1,Bolivar,0
2023-09-30,Hickman,17,Boonville,10
2023-09-30,Park Hill,12,Boonville,2
2023-09-30,Montgomery County,14,Brashear,4
2023-09-30,Milan,15,Brashear,0
2023-09-30,Canton,7,Brookfield,0
2023-09-30,Carl Junction,15,Camdenton,9
2023-09-30,Park Hill South,8,Camdenton,3
2023-09-30,Webb City,7,Camdenton,2
2023-09-30,Highland,9,Canton,5
2023-09-30,Sherwood,7,Carl Junction,0
2023-09-30,Marion C. Early,5,Carl Junction,2
2023-09-30,Mid-Buchanan,10,Carrollton,2
2023-09-30,St. Elizabeth,2,Carrollton,3
2023-09-30,Lafayette (St. Joseph),3,Carrollton,5
2023-09-30,Marshall,1,Centralia,14
2023-09-30,Kirksville,7,Centralia,15
2023-09-30,Macon,1,Centralia,2
2023-09-30,Hartville,21,Crocker,11
2023-09-30,North Andrew,12,DeKalb,1
2023-09-30,Lutheran South,1,Doniphan,4
2023-09-30,Rockwood Summit,3,Doniphan,2
2023-09-30,Vienna,1,Eugene,6
2023-09-30,Northeast (Cairo),4,Eugene,3
2023-09-30,Van-Far,7,Eugene,2
2023-09-30,Macks Creek,2,Fair Play,9
2023-09-30,Father Tolton,11,Ft. Zumwalt South,0
2023-09-30,Jefferson City,7,Ft. Zumwalt South,1
2023-09-30,Fatima,10,Fulton,0
2023-09-30,Blair Oaks,2,Fulton,5
2023-09-30,Meadville,0,Gallatin,14
2023-09-30,St. Teresa's Academy,4,Glendale,19
2023-09-30,Hillcrest,1,Glendale,3
2023-09-30,Wheatland,5,Halfway,4
2023-09-30,Weaubleau,4,Halfway,8
2023-09-30,Hallsville,18,Hannibal,0
2023-09-30,St. Clair,0,Hermann,17
2023-09-30,St. James,3,Hermann,7
2023-09-30,Humansville,17,Hermitage,2
2023-09-30,Oak Grove,11,Hickman,1
2023-09-30,Scotland County,0,Highland,10
2023-09-30,Reeds Spring,0,Hillcrest,6
2023-09-30,Lafayette (Wildwood),1,Jefferson City,0
2023-09-30,Lutheran South,3,Kelly,1
2023-09-30,Windsor (Imperial),8,Kelly,11
2023-09-30,Branson,3,Kickapoo,7
2023-09-30,Nevada,5,Kickapoo,6
2023-09-30,Republic,0,Kickapoo,4
2023-09-30,North Callaway,4,Kirksville,11
2023-09-30,Hallsville,2,Kirksville,3
2023-09-30,Milan,0,La Plata,6
2023-09-30,South Shelby,6,La Plata,3
2023-09-30,Montgomery County,8,La Plata,6
2023-09-30,Benton,2,Lafayette (St. Joseph),13
2023-09-30,St. Elizabeth,10,Lafayette (St. Joseph),8
2023-09-30,North Andrew,14,Lafayette (St. Joseph),0
2023-09-30,Father Tolton,6,Lafayette (Wildwood),9
2023-09-30,Excelsior Springs,1,Lawson,2
2023-09-30,Oak Park,10,Lawson,8
2023-09-30,North Kansas City,6,Lawson,14
2023-09-30,Webb City,8,Lee's Summit North,2
2023-09-30,Willard,8,Lee's Summit North,4
2023-09-30,Branson,4,Lee's Summit North,5
2023-09-30,Blair Oaks,3,Lee's Summit West,6
2023-09-30,Fatima,7,Lee's Summit West,0
2023-09-30,Branson,2,Liberty,4
2023-09-30,Republic,12,Liberty,11
2023-09-30,Willard,0,Liberty,6
2023-09-30,St. Joseph's Academy,3,Linn,2
2023-09-30,Westminster Christian Academy,6,Linn,3
2023-09-30,Savannah,1,Macon,9
2023-09-30,Hallsville,12,Macon,1
2023-09-30,Riverview Gardens,0,Maplewood-Richmond Hts.,16
2023-09-30,North Platte,5,Marceline,4
2023-09-30,North Andrew,1,Marceline,13
2023-09-30,Nixa,11,Marion C. Early,1
2023-09-30,Rock Bridge,17,Marquette,4
2023-09-30,Staley,8,Marquette,1
2023-09-30,Vienna,1,Maysville,13
2023-09-30,Palmyra,10,Mexico,12
2023-09-30,North Platte,4,Mid-Buchanan,10
2023-09-30,South Shelby,9,Milan,6
2023-09-30,Knox County,0,Monroe City,11
2023-09-30,Highland,15,Monroe City,0
2023-09-30,Brookfield,2,Monroe City,5
2023-09-30,Lutheran South,2,Neelyville,8
2023-09-30,Windsor (Imperial),9,Neelyville,0
2023-09-30,Willard,0,Nevada,2
2023-09-30,Webb City,0,Nevada,2
2023-09-30,Schuyler County,1,New Bloomfield,3
2023-09-30,Northeast (Cairo),1,New Bloomfield,12
2023-09-30,Van-Far,2,New Bloomfield,3
2023-09-30,Sherwood,0,Nixa,2
2023-09-30,North Platte,15,North Andrew,4
2023-09-30,Savannah,8,North Callaway,7
2023-09-30,Hannibal,5,North Callaway,13
2023-09-30,Excelsior Springs,7,North Kansas City,1
2023-09-30,Oak Park,8,North Kansas City,9
2023-09-30,Silex,3,Northeast (Cairo),11
2023-09-30,Park Hill,5,Oak Grove,4
2023-09-30,Excelsior Springs,9,Oak Park,5
2023-09-30,Nixa,4,Park Hill South,3
2023-09-30,West Plains,6,Park Hill South,1
2023-09-30,Vienna,6,Plattsburg,19
2023-09-30,Canton,9,Putnam County,0
2023-09-30,Schuyler County,1,Putnam County,8
2023-09-30,Scotland County,9,Putnam County,10
2023-09-30,St. Teresa's Academy,10,Reeds Spring,11
2023-09-30,Staley,1,Rock Bridge,11
2023-09-30,Neelyville,3,Rockwood Summit,11
2023-09-30,Vienna,10,Schuyler County,3
2023-09-30,DeKalb,0,Savannah,11
2023-09-30,Marceline,4,Savannah,8
2023-09-30,St. Elizabeth,8,Savannah,4
2023-09-30,Brookfield,8,Schuyler County,2
2023-09-30,Knox County,10,Schuyler County,11
2023-09-30,Vienna,5,Silex,0
2023-09-30,Marshall,8,Savannah,12
2023-09-30,Van-Far,15,Slater,0
2023-09-30,Schuyler County,9,Slater,7
2023-09-30,Silex,7,Slater,3
2023-09-30,Mexico,2,Southern Boone,4
2023-09-30,Palmyra,1,Southern Boone,15
2023-09-30,St. James,11,St. Clair,1
2023-09-30,Sherwood,4,Webb City,0
2023-09-30,West Plains,1,Webb City,2
2023-09-30,Montgomery County,1,Trenton,7
2023-09-30,Brashear,1,Trenton,14
2023-09-30,South Shelby,2,Trenton,11
2023-09-30,Holt,0,Warrenton,15
2023-09-30,Republic,5,Webb City,6
2023-09-30,Marion C. Early,5,West Plains,1
2023-09-30,Weaubleau,4,Wheatland,8
2023-10-02,North Shelby,14,Atlanta,2
2023-10-02,Dixon,6,Belle,11
2023-10-02,Hickman,0,Blair Oaks,17
2023-10-02,Fort Osage,3,Blue Springs,9
2023-10-02,Raymore-Peculiar,1,Blue Springs South,3
2023-10-02,Reeds Spring,2,Bolivar,15
2023-10-02,New Franklin,1,Boonville,11
2023-10-02,Seneca,4,Branson,7
2023-10-02,Putnam County,2,Brookfield,1
2023-10-02,Palmyra,4,Canton,7
2023-10-02,Neelyville,16,Central (Cape Girardeau),0
2023-10-02,St. Charles,2,Central (St. Joseph),13
2023-10-02,North Callaway,7,Centralia,14
2023-10-02,Bishop LeBlond,1,Chillicothe,4
2023-10-02,Marshall,5,Clinton,7
2023-10-02,Gallatin,15,East Buchanan,0
2023-10-02,Naylor,0,East Carter,20
2023-10-02,Winfield,1,Elsberry,11
2023-10-02,Hallsville,0,Fatima,2
2023-10-02,Pilot Grove,1,Fayette,16
2023-10-02,Eureka,12,Fox,0
2023-10-02,Liberty (Wentzville),10,Francis Howell North,4
2023-10-02,St. Charles,0,Ft. Zumwalt East,15
2023-10-02,Washington,13,Ft. Zumwalt North,2
2023-10-02,Francis Howell,1,Ft. Zumwalt West,4
2023-10-02,Joplin,17,Glendale,10
2023-10-02,Clayton,26,Hazelwood Central,9
2023-10-02,Capital City,0,Helias Catholic,12
2023-10-02,Wright City,17,Hermann,6
2023-10-02,Macks Creek,6,Hermitage,12
2023-10-02,Timberland,22,Holt,0
2023-10-02,Russellville,3,Iberia,13
2023-10-02,California,3,Jamestown,4
2023-10-02,Savannah,2,Jefferson City,3
2023-10-02,McCluer North,1,Ladue Horton Watkins,16
2023-10-02,Oakville,2,Lafayette (Wildwood),12
2023-10-02,Westran,13,Laquey,8
2023-10-02,Lee's Summit West,11,Liberty North,8
2023-10-02,Valley Park,3,Lutheran South,7
2023-10-02,Hancock,3,Maplewood-Richmond Hts.,18
2023-10-02,Trenton,6,Marceline,9
2023-10-02,Hartville,0,Marion C. Early,9
2023-10-02,Lindbergh,11,Marquette,8
2023-10-02,North Platte,3,Maryville,0
2023-10-02,Hazelwood West,19,Mehlville,0
2023-10-02,Scotland County,4,Milan,9
2023-10-02,Fulton,10,Moberly,1
2023-10-02,Highland,6,Monroe City,1
2023-10-02,Community,0,Montgomery County,2
2023-10-02,Tuscumbia,0,New Bloomfield,16
2023-10-02,Cassville,13,New Covenant Academy,0
2023-10-02,Mercer,6,North Harrison,16
2023-10-02,La Plata,0,Northeast (Cairo),4
2023-10-02,Worth County,5,Northeast Nodaway,1
2023-10-02,Seckman,6,Northwest (Cedar Hill),2
2023-10-02,Van Buren,2,Norwood,3
2023-10-02,Incarnate Word Academy,10,Notre Dame (St. Louis),3
2023-10-02,Harrisonville,7,Notre Dame de Sion,2
2023-10-02,Kirksville,15,Novinger,11
2023-10-02,Holden,11,Oak Grove,2
2023-10-02,North Kansas City,2,Oak Park,12
2023-10-02,Richland,4,Osage,11
2023-10-02,Cuba,0,Owensville,15
2023-10-02,Lebanon,1,Ozark,2
2023-10-02,Linn,9,Pacific,1
2023-10-02,Lee's Summit North,1,Park Hill,6
2023-10-02,Lee's Summit,0,Park Hill South,12
2023-10-02,Walnut Grove,18,Parkview,0
2023-10-02,Pattonville,4,Parkway North,19
2023-10-02,St. Elizabeth,8,Penney,1
2023-10-02,Grain Valley,5,Platte County,3
2023-10-02,Odessa,6,Pleasant Hill,7
2023-10-02,Smithville,18,Raytown South,0
2023-10-02,Cameron,8,Richmond,6
2023-10-02,Troy Buchanan,1,Rock Bridge,5
2023-10-02,Webster Groves,4,Rockwood Summit,11
2023-10-02,Excelsior Springs,18,Ruskin,0
2023-10-02,North County,8,Sikeston,7
2023-10-02,Louisiana,6,South Shelby,4
2023-10-02,Fredericktown,20,St. Clair,1
2023-10-02,Newburg,0,St. James,14
2023-10-02,St. Teresa's Academy,0,St. Michael the Archangel,10
2023-10-02,Perryville,5,St. Pius X (Festus),15
2023-10-02,Lexington,14,St. Pius X (Kansas City),10
2023-10-02,Liberty,9,Staley,6
2023-10-02,Lafayette (St. Joseph),6,Vienna,4
2023-10-02,Lincoln College Prep,1,Summit Christian Academy,12
2023-10-02,Linn County,18,Tri-County,10
2023-10-02,Silex,7,Union,4
2023-10-02,Parkway Central,23,University City,0
2023-10-02,Marion County,1,Van-Far,11
2023-10-02,Bowling Green,5,Warrenton,0
2023-10-02,Crocker,2,Waynesville,4
2023-10-02,Halfway,3,Weaubleau,4
2023-10-02,Poplar Bluff,4,West Plains,2
2023-10-02,North Andrew,6,West Platte,7
2023-10-02,Mark Twain,22,Westran,4
2023-10-02,Climax Springs,0,Wheatland,16
2023-10-02,Belton,9,William Chrisman,1
2023-10-02,Hillsboro,3,Windsor (Imperial),1
2023-10-02,Raytown,3,Winnetonka,4
2023-10-03,St. James,6,Belle,5
2023-10-03,Grain Valley,17,Belton,0
2023-10-03,Lafayette (St. Joseph),2,Benton,17
2023-10-03,Blue Springs,1,Blue Springs South,11
2023-10-03,Higbee,2,Brashear,12
2023-10-03,Osage,1,California,8
2023-10-03,Willard,15,Carl Junction,3
2023-10-03,Neosho,3,Carthage,1
2023-10-03,Marion C. Early,0,Cassville,2
2023-10-03,Macon,14,Clark County,0
2023-10-03,Laquey,24,Climax Springs,4
2023-10-03,Bowling Green,12,Clopton,1
2023-10-03,Lutheran South,3,Cor Jesu Academy,4
2023-10-03,Dixon,10,Crocker,14
2023-10-03,Jefferson (Festus),4,DeSoto,14
2023-10-03,Sikeston,7,East Carter,12
2023-10-03,Russellville,2,Eldon,0
2023-10-03,Montgomery County,3,Elsberry,4
2023-10-03,Lafayette (Wildwood),0,Eureka,1
2023-10-03,Raytown South,2,Excelsior Springs,7
2023-10-03,Humansville,7,Fair Play,9
2023-10-03,Chaffee,2,Farmington,10
2023-10-03,Father Tolton,2,Fatima,0
2023-10-03,Lindbergh,10,Fox,0
2023-10-03,Washington,10,Ft. Zumwalt East,0
2023-10-03,Rock Bridge,3,Ft. Zumwalt West,3
2023-10-03,Boonville,4,Fulton,16
2023-10-03,Macks Creek,1,Halfway,14
2023-10-03,Hermitage,5,Halfway,20
2023-10-03,Centralia,0,Hallsville,5
2023-10-03,Kirksville,17,Hannibal,1
2023-10-03,Clinton,5,Harrisonville,3
2023-10-03,Valley Park,7,Hazelwood West,10
2023-10-03,New Bloomfield,15,Hermann,5
2023-10-03,Richmond,0,Holden,12
2023-10-03,Ft. Zumwalt South,14,Holt,2
2023-10-03,Capital City,3,Iberia,2
2023-10-03,Nerinx Hall,5,Incarnate Word Academy,4
2023-10-03,New Franklin,1,Jamestown,11
2023-10-03,Webb City,16,Joplin,14
2023-10-03,Hillcrest,0,Kickapoo,14
2023-10-03,Knob Noster,10,Lafayette County,0
2023-10-03,Plattsburg,10,Lathrop,2
2023-10-03,North Platte,2,Lawson,6
2023-10-03,Glendale,0,Lebanon,2
2023-10-03,Park Hill,8,Lee's Summit,3
2023-10-03,Staley,13,Lee's Summit North,10
2023-10-03,Carrollton,17,Lexington,1
2023-10-03,Park Hill South,3,Liberty,2
2023-10-03,Platte County,7,Liberty North,4
2023-10-03,Milan,14,Linn County,3
2023-10-03,Marshfield,15,Logan-Rogersville,0
2023-10-03,Community,3,Louisiana,8
2023-10-03,Bevier,16,Madison,0
2023-10-03,Bayless,12,Maplewood-Richmond Hts.,6
2023-10-03,Knox County,0,Marceline,12
2023-10-03,Savannah,13,Maryville,2
2023-10-03,Albany,3,Maysville,4
2023-10-03,Clayton,21,McCluer North,10
2023-10-03,Monett,2,McDonald County,6
2023-10-03,West Platte,1,Mid-Buchanan,11
2023-10-03,Doniphan,16,Naylor,0
2023-10-03,Aurora,3,Nevada,14
2023-10-03,Branson,7,Nixa,11
2023-10-03,Mark Twain,5,North Callaway,6
2023-10-03,Jackson,15,North County,1
2023-10-03,St. Charles,2,North Point,3
2023-10-03,Scotland County,0,North Shelby,11
2023-10-03,Bishop LeBlond,3,Northeast Nodaway,2
2023-10-03,Green City,7,Novinger,8
2023-10-03,Central (St. Joseph),5,Oak Park,3
2023-10-03,Parkway South,2,Oakville,5
2023-10-03,Mehlville,5,Orchard Farm,6
2023-10-03,Slater,5,Owensville,3
2023-10-03,Republic,5,Ozark,3
2023-10-03,Central (Springfield),2,Parkview,13
2023-10-03,Parkway North,18,Parkway Central,18
2023-10-03,East Buchanan,4,Penney,14
2023-10-03,Kelly,3,Poplar Bluff,8
2023-10-03,Lee's Summit West,2,Raymore-Peculiar,3
2023-10-03,William Chrisman,5,Raytown,9
2023-10-03,Cuba,9,Richland,4
2023-10-03,Kirkwood,1,Ritenour,12
2023-10-03,Hazelwood Central,27,Riverview Gardens,9
2023-10-03,Camdenton,8,Rolla,5
2023-10-03,Fayette,5,Schuyler County,4
2023-10-03,Westran,1,Schuyler County,3
2023-10-03,Reeds Spring,3,Seneca,16
2023-10-03,Kearney,11,Smithville,0
2023-10-03,Chillicothe,0,St. Elizabeth,8
2023-10-03,Highland,17,South Shelby,4
2023-10-03,Blair Oaks,2,Southern Boone,5
2023-10-03,St. Pius X (Festus),11,St. Clair,3
2023-10-03,Francis Howell Central,3,St. Dominic,4
2023-10-03,Vienna,6,Van-Far,2
2023-10-03,Webb City,14,St. Joseph's Academy,0
2023-10-03,Jennings,10,STEAM Academy,17
2023-10-03,Tuscumbia,3,Westran,16
2023-10-03,St. Pius X (Kansas City),1,Summit Christian Academy,12
2023-10-03,Brookfield,6,Trenton,5
2023-10-03,Francis Howell North,2,Troy Buchanan,11
2023-10-03,Fort Osage,13,St. Charles,1
2023-10-03,St. Joseph's Academy,0,Ursuline Academy,2
2023-10-03,St. Clair,9,Van Buren,2
2023-10-03,Weaubleau,3,Walnut Grove,1
2023-10-03,Oak Grove,9,Warrensburg,3
2023-10-03,Union,7,Warrenton,16
2023-10-03,Bolivar,4,Waynesville,7
2023-10-03,Parkway West,3,Webster Groves,5
2023-10-03,Notre Dame (St. Louis),0,Westminster Christian Academy,15
2023-10-03,Sherwood,3,Wheatland,0
2023-10-03,Liberty (Wentzville),11,Winfield,6
2023-10-03,Ruskin,0,Winnetonka,15
2023-10-03,Van-Far,1,Wright City,22
2023-10-04,Valley Park,18,Bayless,0
2023-10-04,St. Joseph's Academy,3,Cor Jesu Academy,13
2023-10-04,Parkway South,9,DeSoto,0
2023-10-04,Capital City,12,Father Tolton,9
2023-10-04,Ft. Zumwalt East,2,Francis Howell Central,17
2023-10-04,McCluer North,3,Ft. Zumwalt North,18
2023-10-04,Worth County,3,Harrisburg,10
2023-10-04,Southern Boone,1,Jefferson City,3
2023-10-04,Meadville,0,La Plata,10
2023-10-04,Webster Groves,0,Lafayette (Wildwood),10
2023-10-04,Cameron,14,Lathrop,9
2023-10-04,Pattonville,0,Lindbergh,15
2023-10-04,Hannibal,2,Mexico,5
2023-10-04,Maryville,2,Mid-Buchanan,5
2023-10-04,Westran,4,Moberly,14
2023-10-04,Clopton,0,Monroe City,7
2023-10-04,Carl Junction,0,Nevada,16
2023-10-04,Schuyler County,3,North Shelby,1
2023-10-04,Rockwood Summit,5,Northwest (Cedar Hill),3
2023-10-04,Perryville,0,Notre Dame (Cape Girardeau),14
2023-10-04,Ursuline Academy,5,Notre Dame (St. Louis),6
2023-10-04,Kirkwood,4,Oakville,10
2023-10-04,Winnetonka,0,Odessa,10
2023-10-04,Parkway Central,11,Orchard Farm,3
2023-10-04,Troy Buchanan,14,Palmyra,2
2023-10-04,Ritenour,21,Parkway North,3
2023-10-04,Marquette,0,Parkway West,7
2023-10-04,STEAM Academy,17,Riverview Gardens,16
2023-10-04,Savannah,2,Rock Bridge,17
2023-10-04,Fatima,18,Russellville,2
2023-10-04,St. Michael the Archangel,14,St. Pius X (Kansas City),0
2023-10-04,St. Charles,15,St. Teresa's Academy,4
2023-10-04,Mehlville,15,University City,0
2023-10-04,Warrenton,0,Washington,14
2023-10-05,La Plata,20,Atlanta,2
2023-10-05,Liberty North,13,Blue Springs,11
2023-10-05,Hallsville,13,California,0
2023-10-05,Holden,4,Carrollton,1
2023-10-05,Seneca,1,Cassville,2
2023-10-05,Wheatland,16,Central (Springfield),0
2023-10-05,North Kansas City,3,Central (St. Joseph),13
2023-10-05,Blair Oaks,0,Chillicothe,2
2023-10-05,Normandy Collaborative,2,Clayton,21
2023-10-05,Osage,22,Climax Springs,2
2023-10-05,Marion County,1,Community,16
2023-10-05,St. Clair,2,Cuba,17
2023-10-05,Mid-Buchanan,18,East Buchanan,0
2023-10-05,Fredericktown,10,East Carter,19
2023-10-05,Boonville,18,Eldon,2
2023-10-05,Helias Catholic,0,Fatima,3
2023-10-05,Windsor (Imperial),6,Festus,1
2023-10-05,Oak Park,0,Fort Osage,11
2023-10-05,Rockwood Summit,12,Fox,1
2023-10-05,Ft. Zumwalt South,4,Ft. Zumwalt East,0
2023-10-05,Fayette,7,Glasgow,4
2023-10-05,Willard,11,Glendale,3
2023-10-05,Raytown,0,Grain Valley,10
2023-10-05,Brashear,13,Green City,2
2023-10-05,Pleasant Hill,7,Harrisonville,9
2023-10-05,Van Buren,3,Hartville,13
2023-10-05,Knox County,0,Highland,15
2023-10-05,Reeds Spring,3,Hillcrest,18
2023-10-05,St. Joseph's Academy,5,Incarnate Word Academy,3
2023-10-05,Waynesville,0,Joplin,5
2023-10-05,Excelsior Springs,4,Kearney,10
2023-10-05,Notre Dame (Cape Girardeau),6,Kelly,3
2023-10-05,Branson,2,Kickapoo,8
2023-10-05,West Platte,14,Lathrop,3
2023-10-05,Lee's Summit,15,Lee's Summit North,11
2023-10-05,Blue Springs South,5,Lee's Summit West,2
2023-10-05,Lafayette County,12,Lexington,9
2023-10-05,Summit Christian Academy,19,Lincoln College Prep,2
2023-10-05,Mercer,13,Linn County,4
2023-10-05,New Covenant Academy,7,Logan-Rogersville,10
2023-10-05,Humansville,8,Macks Creek,10
2023-10-05,Moberly,13,Marshall,1
2023-10-05,St. Elizabeth,10,Maryville,0
2023-10-05,Pattonville,1,Mehlville,9
2023-10-05,Schuyler County,2,Milan,16
2023-10-05,Richland,22,Newburg,1
2023-10-05,DeKalb,0,North Andrew,1
2023-10-05,Bowling Green,5,North Callaway,1
2023-10-05,Penney,7,North Platte,8
2023-10-05,Harrisburg,1,Northeast (Cairo),11
2023-10-05,Oak Grove,5,Odessa,0
2023-10-05,Parkway Central,11,Orchard Farm,3
2023-10-05,Montgomery County,11,Owensville,1
2023-10-05,Centralia,11,Palmyra,1
2023-10-05,Liberty,5,Park Hill,0
2023-10-05,Fair Play,20,Parkview,5
2023-10-05,Russellville,23,Pilot Grove,1
2023-10-05,Belton,4,Platte County,11
2023-10-05,Lawson,14,Plattsburg,12
2023-10-05,St. Michael the Archangel,2,Pleasant Hill,13
2023-10-05,Gallatin,10,Princeton,2
2023-10-05,North Harrison,0,Putnam County,5
2023-10-05,Pleasant Hill,15,Raytown South,0
2023-10-05,Knob Noster,14,Richmond,4
2023-10-05,Brookfield,4,Schuyler County,7
2023-10-05,Canton,22,Scotland County,2
2023-10-05,Camdenton,8,Savannah,5
2023-10-05,Jamestown,3,Slater,13
2023-10-05,Clark County,1,South Shelby,11
2023-10-05,Crocker,8,St. James,2
2023-10-05,Park Hill South,0,Staley,12
2023-10-05,Tuscumbia,3,Westran,16
2023-10-05,Ft. Zumwalt West,8,Timberland,1
2023-10-05,Cameron,5,Trenton,16
2023-10-05,Raymore-Peculiar,8,St. Charles,1
2023-10-05,Pacific,4,Valley Park,2
2023-10-05,Iberia,10,Vienna,0
2023-10-05,Clinton,8,Warrensburg,9
2023-10-05,Monett,2,Webb City,8
2023-10-05,New Franklin,4,Westran,7
2023-10-05,Ruskin,1,William Chrisman,21
2023-10-05,Maysville,1,Worth County,10
2023-10-06,Laquey,1,Belle,10
2023-10-06,Higbee,6,Bevier,16
2023-10-06,Troy Buchanan,6,Bowling Green,2
2023-10-06,Wright City,11,Carthage,7
2023-10-06,Jefferson City,2,Carthage,4
2023-10-06,Rolla,1,Carthage,7
2023-10-06,Nerinx Hall,17,Clayton,1
2023-10-06,Windsor (Imperial),12,Cor Jesu Academy,6
2023-10-06,Newburg,1,Dixon,14
2023-10-06,Silex,1,Elsberry,5
2023-10-06,California,2,Eugene,10
2023-10-06,Rockwood Summit,12,Fox,1
2023-10-06,Marquette,11,Francis Howell Central,8
2023-10-06,Warrensburg,1,Fulton,12
2023-10-06,Nixa,14,Fulton,10
2023-10-06,Timberland,6,Fulton,8
2023-10-06,Schuyler County,15,Green City,5
2023-10-06,Ritenour,16,Hazelwood West,1
2023-10-06,Ft. Zumwalt West,24,Holt,0
2023-10-06,Wright City,11,Jefferson City,15
2023-10-06,Rolla,7,Jefferson City,17
2023-10-06,Notre Dame (Cape Girardeau),6,Kelly,2
2023-10-06,Riverview Gardens,3,Ladue Horton Watkins,18
2023-10-06,North Point,12,Liberty (Wentzville),11
2023-10-06,New Covenant Academy,7,Logan-Rogersville,10
2023-10-06,Walnut Grove,9,Macks Creek,8
2023-10-06,Halfway,1,Marion C. Early,5
2023-10-06,Brashear,5,Marion County,6
2023-10-06,Capital City,2,Mid-Buchanan,3
2023-10-06,Father Tolton,9,Neelyville,1
2023-10-06,Timberland,7,Nixa,12
2023-10-06,East Carter,3,Norwood,1
2023-10-06,St. Clair,2,Norwood,3
2023-10-06,Summit Christian Academy,0,Notre Dame de Sion,1
2023-10-06,Pacific,10,Oakville,6
2023-10-06,Mid-Buchanan,1,Ozark,8
2023-10-06,Webster Groves,3,Ozark,7
2023-10-06,Capital City,1,Ozark,3
2023-10-06,University City,1,Parkway Central,18
2023-10-06,Kirkwood,0,Parkway South,10
2023-10-06,St. Michael the Archangel,11,Raytown South,1
2023-10-06,Lebanon,0,Republic,15
2023-10-06,Wright City,10,Rolla,17
2023-10-06,Vienna,13,Slater,5
2023-10-06,Tuscumbia,2,Slater,17
2023-10-06,Westminster Christian Academy,2,St. Dominic,0
2023-10-06,Iberia,17,Westran,0
2023-10-06,Father Tolton,3,Webb City,1
2023-10-06,Willard,6,Webb City,0
2023-10-06,Neelyville,9,Webb City,3
2023-10-06,Timberland,12,Warrensburg,0
2023-10-06,Nixa,14,Warrensburg,2
2023-10-06,Orchard Farm,0,Warrenton,10
2023-10-06,Climax Springs,3,Weaubleau,18
2023-10-06,Capital City,11,Webster Groves,2
2023-10-06,Mid-Buchanan,9,Webster Groves,6
2023-10-06,Father Tolton,5,Willard,2
2023-10-06,Neelyville,1,Willard,16
2023-10-07,Princeton,6,Albany,1
2023-10-07,Putnam County,8,Albany,15
2023-10-07,Bolivar,3,Branson,4
2023-10-07,Francis Howell,13,Branson,0
2023-10-07,Ozark,12,Carthage,1
2023-10-07,Father Tolton,8,Carthage,20
2023-10-07,Linn,7,Community,2
2023-10-07,Pacific,10,Cor Jesu Academy,6
2023-10-07,Oakville,4,Cor Jesu Academy,6
2023-10-07,Van Buren,2,DeSoto,12
2023-10-07,Doniphan,3,DeSoto,1
2023-10-07,Laquey,5,Dixon,8
2023-10-07,Westran,14,Dixon,7
2023-10-07,Van Buren,1,Doniphan,16
2023-10-07,Naylor,1,Doniphan,16
2023-10-07,Bolivar,0,Francis Howell,4
2023-10-07,Winfield,3,Francis Howell Central,4
2023-10-07,Mid-Buchanan,5,Fulton,4
2023-10-07,Willard,5,Fulton,10
2023-10-07,Princeton,2,Gallatin,10
2023-10-07,Mercer,3,Gallatin,5
2023-10-07,Chillicothe,11,Hannibal,0
2023-10-07,Linn,18,Harrisburg,7
2023-10-07,Community,15,Harrisburg,4
2023-10-07,Waynesville,9,Hillcrest,0
2023-10-07,Mid-Buchanan,6,Jefferson City,3
2023-10-07,Willard,4,Jefferson City,6
2023-10-07,Lee's Summit West,3,Kickapoo,5
2023-10-07,Sherwood,10,Lafayette County,3
2023-10-07,Marceline,10,Lafayette County,2
2023-10-07,Odessa,16,Lafayette County,0
2023-10-07,Oak Grove,11,Lafayette County,4
2023-10-07,Hillcrest,14,Logan-Rogersville,15
2023-10-07,Waynesville,15,Logan-Rogersville,6
2023-10-07,Sherwood,1,Marceline,15
2023-10-07,Palmyra,8,Moberly,12
2023-10-07,Van Buren,26,Naylor,1
2023-10-07,Timberland,14,Neelyville,0
2023-10-07,Father Tolton,2,Nixa,3
2023-10-07,Incarnate Word Academy,3,Notre Dame (Cape Girardeau),6
2023-10-07,Sherwood,0,Oak Grove,14
2023-10-07,Marceline,3,Oak Grove,9
2023-10-07,Odessa,0,Oak Grove,11
2023-10-07,Windsor (Imperial),1,Oakville,16
2023-10-07,Marceline,6,Odessa,7
2023-10-07,Sherwood,1,Odessa,0
2023-10-07,Nixa,3,Ozark,9
2023-10-07,Windsor (Imperial),11,Pacific,7
2023-10-07,Notre Dame de Sion,0,Pleasant Hill,18
2023-10-07,Gallatin,20,Putnam County,1
2023-10-07,Lee's Summit West,6,Rock Bridge,8
2023-10-07,Kickapoo,4,Rock Bridge,2
2023-10-07,Capital City,15,Rolla,2
2023-10-07,Neelyville,3,Rolla,11
2023-10-07,Laquey,4,Westran,0
2023-10-07,Eugene,15,Worth County,0
2023-10-07,Warrensburg,0,Webb City,7
2023-10-07,Wright City,5,Webb City,6
2023-10-07,St. Michael the Archangel,5,Summit Christian Academy,7
2023-10-07,Capital City,1,Timberland,8
2023-10-07,Webster Groves,3,Warrensburg,6
2023-10-07,Wright City,13,Webster Groves,8
2023-10-09,East Buchanan,0,Albany,10
2023-10-09,Willard,12,Aurora,5
2023-10-09,Louisiana,3,Canton,8
2023-10-09,Union,0,Capital City,10
2023-10-09,Branson,7,Carl Junction,16
2023-10-09,Bowling Green,5,Centralia,1
2023-10-09,Perryville,2,Chaffee,17
2023-10-09,Van-Far,0,Clopton,15
2023-10-09,Newburg,15,Cuba,25
2023-10-09,Parkway South,9,DeSoto,0
2023-10-09,Fredericktown,10,East Carter,19
2023-10-09,North Point,12,Elsberry,13
2023-10-09,Fayette,4,Eugene,0
2023-10-09,Kearney,8,Fort Osage,4
2023-10-09,Mercer,8,Green City,1
2023-10-09,Pleasant Hill,7,Harrisonville,9
2023-10-09,Parkway Central,4,Hazelwood West,2
2023-10-09,Parkview,0,Hermitage,18
2023-10-09,Father Tolton,22,Hickman,7
2023-10-09,Scotland County,0,Highland,15
2023-10-09,Monett,9,Hillcrest,0
2023-10-09,Rolla,2,Iberia,15
2023-10-09,Kelly,1,Jackson,12
2023-10-09,Webb City,2,Kickapoo,4
2023-10-09,Parkway North,21,Ladue Horton Watkins,11
2023-10-09,Halfway,16,Laquey,10
2023-10-09,Carrollton,5,Lawson,3
2023-10-09,Francis Howell North,3,Liberty (Wentzville),4
2023-10-09,Webster Groves,2,Lindbergh,7
2023-10-09,Hartville,3,Logan-Rogersville,14
2023-10-09,Wheatland,15,Macks Creek,4
2023-10-09,Montgomery County,0,Macon,8
2023-10-09,DeKalb,10,Maryville,5
2023-10-09,Bayless,20,McCluer,8
2023-10-09,Nerinx Hall,0,Mehlville,2
2023-10-09,Mark Twain,1,Moberly,11
2023-10-09,Schuyler County,2,Monroe City,3
2023-10-09,California,2,New Bloomfield,12
2023-10-09,Jefferson (Festus),2,North County,12
2023-10-09,Polo,3,North Platte,1
2023-10-09,Westran,1,North Shelby,11
2023-10-09,South Shelby,3,Northeast (Cairo),10
2023-10-09,Maysville,0,Northeast Nodaway,5
2023-10-09,Festus,8,Oakville,3
2023-10-09,Southern Boone,21,Osage,0
2023-10-09,Wright City,6,Owensville,16
2023-10-09,Hannibal,4,Palmyra,14
2023-10-09,Lafayette (St. Joseph),0,Park Hill South,10
2023-10-09,Fox,1,Parkway West,6
2023-10-09,Cameron,6,Penney,16
2023-10-09,Savannah,3,Plattsburg,1
2023-10-09,St. Pius X (Kansas City),2,Raytown South,13
2023-10-09,Glendale,21,Reeds Spring,4
2023-10-09,Fatima,1,Rock Bridge,2
2023-10-09,Jamestown,4,Russellville,7
2023-10-09,Novinger,6,Schuyler County,15
2023-10-09,Pattonville,2,Seckman,12
2023-10-09,Republic,6,Seneca,5
2023-10-09,Marion C. Early,0,Sherwood,2
2023-10-09,Hallsville,7,Slater,4
2023-10-09,Higbee,4,Worth County,14
2023-10-09,Ft. Zumwalt South,5,Timberland,11
2023-10-09,Chillicothe,11,Trenton,1
2023-10-09,Maplewood-Richmond Hts.,3,Valley Park,14
2023-10-09,Francis Howell Central,1,Westminster Christian Academy,6
2023-10-09,Rockwood Summit,8,Windsor (Imperial),6
2023-10-09,Mid-Buchanan,7,Worth County,1
2023-10-10,Van-Far,7,Belle,0
2023-10-10,Logan-Rogersville,2,Cassville,7
2023-10-10,Marceline,12,Chillicothe,8
2023-10-10,Elsberry,6,Community,3
2023-10-10,Westminster Christian Academy,13,Cor Jesu Academy,4
2023-10-10,Troy Buchanan,6,Eureka,3
2023-10-10,Ft. Zumwalt South,4,Ft. Zumwalt East,0
2023-10-10,Mexico,1,Fulton,2
2023-10-10,Meadville,0,Glasgow,15
2023-10-10,Carl Junction,5,Glendale,7
2023-10-10,Clayton,18,Ladue Horton Watkins,4
2023-10-10,Notre Dame (St. Louis),0,Lindbergh,8
2023-10-10,Mark Twain,5,Louisiana,12
2023-10-10,Windsor (Imperial),11,Lutheran South,2
2023-10-10,Kirksville,11,Marshall,1
2023-10-10,Riverview Gardens,5,McCluer,20
2023-10-10,Boonville,4,Moberly,14
2023-10-10,Wheatland,0,Norwood,1
2023-10-10,Norwood,16,Parkview,1
2023-10-10,Parkway Central,7,Parkway West,17
2023-10-10,Kirkwood,4,Pattonville,2
2023-10-10,Branson,22,Reeds Spring,6
2023-10-10,Crocker,8,St. James,2
2023-10-10,New Covenant Academy,15,Westran,7
2023-10-10,Ft. Zumwalt West,8,Timberland,1
2023-10-10,Mehlville,15,University City,0
2023-10-10,Hermitage,2,Walnut Grove,17
2023-10-10,Macks Creek,10,Weaubleau,8
2023-10-10,Glasgow,3,Westran,5
2023-10-10,Marion C. Early,0,Willard,2
2023-10-10,Lincoln College Prep,0,Winnetonka,15
2023-10-11,Sikeston,1,Farmington,11
2023-10-11,Chaffee,1,Notre Dame (Cape Girardeau),4
2023-10-11,Fox,16,Pattonville,10
2023-10-11,South Shelby,1,Silex,16
2023-10-12,Naylor,8,Newburg,11
2023-10-12,Van Buren,11,Tuscumbia,1
2023-10-12,Fair Play,17,Macks Creek,16
2023-10-12,Clopton,11,Madison,3
2023-10-12,Higbee,2,Worth County,12
2023-10-12,Atlanta,12,Marion County,11
2023-10-12,Knox County,18,Scotland County,12
2023-10-12,Maysville,15,Tri-County,0
2023-10-12,Kelly,11,Jefferson (Festus),1
2023-10-12,Neelyville,10,St. Clair,1
2023-10-12,New Covenant Academy,4,Dixon,0
2023-10-12,Eugene,11,Laquey,0
2023-10-12,Hartville,12,Crocker,15
2023-10-12,Russellville,11,Slater,1
2023-10-12,New Bloomfield,8,Harrisburg,6
2023-10-12,North Callaway,11,Belle,1
2023-10-12,Valley Park,21,Hermann,11
2023-10-12,Louisiana,16,Hancock,0
2023-10-12,South Shelby,16,Mark Twain,1
2023-10-12,Bowling Green,10,Van-Far,0
2023-10-12,Monroe City,3,Clark County,0
2023-10-12,Putnam County,0,Brookfield,2
2023-10-12,Marceline,6,Milan,2
2023-10-12,Trenton,5,Penney,4
2023-10-12,Lawson,10,West Platte,0
2023-10-12,North Platte,15,East Buchanan,0
2023-10-12,Plattsburg,16,Lathrop,6
2023-10-12,Summit Christian Academy,7,Lafayette County,1
2023-10-12,Fayette,15,St. Pius X (Kansas City),0
2023-10-12,Sherwood,10,Lexington,0
2023-10-12,Bayless,8,Perryville,13
2023-10-12,Webb City,7,Normandy Collaborative,0
2023-10-12,Ursuline Academy,10,St. Clair,0
2023-10-12,St. Joseph's Academy,21,Cuba,2
2023-10-12,St. James,12,Maplewood-Richmond Hts.,0
2023-10-12,Wright City,15,STEAM Academy,0
2023-10-12,Palmyra,16,Orchard Farm,14
2023-10-12,Hallsville,10,Boonville,0
2023-10-12,Centralia,2,Macon,3
2023-10-12,Fulton,3,Moberly,2
2023-10-12,Father Tolton,12,Mexico,1
2023-10-12,Fatima,15,Eldon,0
2023-10-12,California,6,Knob Noster,5
2023-10-12,Southern Boone,16,Osage,0
2023-10-12,Blair Oaks,15,Owensville,0
2023-10-12,Doniphan,4,Logan-Rogersville,2
2023-10-12,Cassville,13,Reeds Spring,0
2023-10-12,Seneca,16,Aurora,6
2023-10-12,Holden,10,Notre Dame de Sion,0
2023-10-12,Odessa,2,Clinton,0
2023-10-12,Oak Grove,16,St. Michael the Archangel,1
2023-10-12,Pleasant Hill,7,Harrisonville,5
2023-10-12,Lafayette (St. Joseph),5,Cameron,2
2023-10-12,Savannah,11,Richmond,0
2023-10-12,Benton,13,Maryville,1
2023-10-12,Washington,15,Nerinx Hall,0
2023-10-12,Union,6,Pacific,7
2023-10-12,Cor Jesu Academy,10,Webster Groves,0
2023-10-12,Rockwood Summit,12,Windsor (Imperial),8
2023-10-12,Parkway West,18,University City,3
2023-10-12,St. Joseph's Academy,11,Parkway North,6
2023-10-12,Westminster Christian Academy,18,Clayton,2
2023-10-12,Parkway Central,10,Ladue Horton Watkins,0
2023-10-12,Ft. Zumwalt South,17,McCluer,0
2023-10-12,Incarnate Word Academy,2,St. Charles,4
2023-10-12,Ft. Zumwalt East,17,Holt,2
2023-10-12,North Point,18,McCluer North,0
2023-10-12,Capital City,5,Kirksville,0
2023-10-12,Jefferson City,18,Hannibal,3
2023-10-12,Warrenton,4,Marshall,0
2023-10-12,Camdenton,15,Parkview,0
2023-10-12,Rolla,1,Bolivar,5
2023-10-12,Marshfield,10,Hillcrest,0
2023-10-12,Branson,4,West Plains,10
2023-10-12,Nevada,18,Raytown South,0
2023-10-12,McDonald County,15,Carl Junction,19
2023-10-12,Webb City,11,Raytown,0
2023-10-12,Belton,15,Warrensburg,0
2023-10-12,Kearney,22,Lincoln College Prep,0
2023-10-12,Excelsior Springs,0,William Chrisman,6
2023-10-12,Platte County,10,Winnetonka,0
2023-10-12,Smithville,13,St. Teresa's Academy,0
2023-10-12,Jackson,13,Fox,3
2023-10-12,Oakville,7,Poplar Bluff,0
2023-10-12,Lindbergh,8,Kirkwood,0
2023-10-12,Seckman,12,Mehlville,0
2023-10-12,Northwest (Cedar Hill),0,Parkway South,3
2023-10-12,Eureka,10,Marquette,4
2023-10-12,Lafayette (Wildwood),14,Waynesville,0
2023-10-12,Francis Howell Central,18,Riverview Gardens,0
2023-10-12,Hazelwood West,10,Ft. Zumwalt North,11
2023-10-12,Francis Howell North,16,Pattonville,1
2023-10-12,Ritenour,23,Hazelwood Central,0
2023-10-12,Liberty (Wentzville),2,St. Dominic,0
2023-10-12,Ft. Zumwalt West,10,Hickman,0
2023-10-12,Willard,17,Central (Springfield),0
2023-10-12,Kickapoo,2,Ozark,8
2023-10-12,Nixa,13,Glendale,3
2023-10-12,Republic,8,Lebanon,1
2023-10-12,Grain Valley,3,Fort Osage,5
2023-10-12,Blue Springs,5,St. Charles,0
2023-10-12,Rock Bridge,11,Savannah,1
2023-10-12,Raymore-Peculiar,20,Ruskin,0
2023-10-12,Joplin,6,Carthage,10
2023-10-12,Neosho,6,Lee's Summit,3
2023-10-12,Lee's Summit West,11,Lee's Summit North,1
2023-10-12,Liberty,12,North Kansas City,2
2023-10-12,Central (St. Joseph),3,Park Hill,15
2023-10-12,Liberty North,15,Oak Park,4
2023-10-12,Staley,16,Park Hill South,6
2023-10-13,Vienna,15,Newburg,0
2023-10-13,Norwood,12,Richland,1
2023-10-13,Van-Far,7,Van Buren,3
2023-10-13,East Carter,14,Westran,3
2023-10-13,Marion C. Early,11,Fair Play,1
2023-10-13,Halfway,18,Walnut Grove,8
2023-10-13,Weaubleau,12,Hermitage,2
2023-10-13,Canton,10,Atlanta,0
2023-10-13,La Plata,14,Knox County,0
2023-10-13,North Shelby,16,Bevier,1
2023-10-13,Novinger,11,Meadville,7
2023-10-13,Schuyler County,10,Linn County,0
2023-10-13,Kelly,1,Neelyville,6
2023-10-13,Monett,2,Doniphan,8
2023-10-13,Cassville,10,Seneca,6
2023-10-13,Hillsboro,17,Central (Cape Girardeau),0
2023-10-13,Notre Dame (Cape Girardeau),15,DeSoto,0
2023-10-13,Farmington,15,Sikeston,0
2023-10-13,Festus,5,North County,4
2023-10-13,Parkway West,18,St. Joseph's Academy,1
2023-10-13,Westminster Christian Academy,12,Parkway Central,2
2023-10-13,Helias Catholic,4,Capital City,0
2023-10-13,Jefferson City,0,Warrenton,2
2023-10-13,Francis Howell Central,2,Ft. Zumwalt North,1
2023-10-13,Francis Howell North,9,Ritenour,3
2023-10-13,Troy Buchanan,6,Liberty (Wentzville),1
2023-10-13,Timberland,6,Ft. Zumwalt West,4
2023-10-13,Blue Springs South,4,Fort Osage,1
2023-10-13,Blue Springs,0,Rock Bridge,10
2023-10-13,Liberty,3,Park Hill,2
2023-10-13,Liberty North,9,Staley,7
2023-10-14,Vienna,3,Norwood,6
2023-10-14,Van-Far,12,East Carter,8
2023-10-14,Marion C. Early,6,Halfway,2
2023-10-14,Wheatland,6,Weaubleau,14
2023-10-14,Glasgow,11,Pilot Grove,1
2023-10-14,Community,10,Clopton,12
2023-10-14,Silex,10,Worth County,0
2023-10-14,Northeast (Cairo),12,Westran,5
2023-10-14,Schuyler County,11,Green City,2
2023-10-14,Gallatin,14,Maysville,1
2023-10-14,Worth County,9,Vienna,4
2023-10-14,Northeast Nodaway,0,Princeton,1
2023-10-14,Albany,12,North Harrison,1
2023-10-14,Iberia,17,New Covenant Academy,1
2023-10-14,Eugene,12,Crocker,5
2023-10-14,Highland,11,South Shelby,1
2023-10-14,Bowling Green,5,Monroe City,1
2023-10-14,St. Elizabeth,11,Brookfield,5
2023-10-14,Marceline,6,Trenton,0
2023-10-14,Mid-Buchanan,18,Lawson,8
2023-10-14,North Platte,10,Plattsburg,0
2023-10-14,Carrollton,3,Summit Christian Academy,0
2023-10-14,Fayette,2,Sherwood,3
2023-10-14,Webb City,7,Ursuline Academy,0
2023-10-14,St. Joseph's Academy,12,St. James,3
2023-10-14,Hallsville,13,Macon,3
2023-10-14,Fulton,10,Father Tolton,7
2023-10-14,Chillicothe,9,Lafayette (St. Joseph),10
2023-10-14,Savannah,15,Benton,3
2023-10-14,Washington,11,Pacific,0
2023-10-14,Cor Jesu Academy,7,Rockwood Summit,3
2023-10-14,Ft. Zumwalt South,20,St. Charles,2
2023-10-14,Ft. Zumwalt East,6,North Point,17
2023-10-14,Nevada,15,Carl Junction,0
2023-10-14,Webb City,6,Belton,2
2023-10-14,Kearney,16,William Chrisman,6
2023-10-14,Platte County,10,Smithville,0
2023-10-14,Jackson,9,Oakville,8
2023-10-14,Lindbergh,11,Seckman,5
2023-10-14,Francis Howell,7,Parkway South,0
2023-10-14,Eureka,5,Lafayette (Wildwood),4
2023-10-14,Willard,9,Ozark,8
2023-10-14,Nixa,5,Republic,4
2023-10-14,Blue Springs South,13,Rock Bridge,3
2023-10-14,Raymore-Peculiar,1,Carthage,0
2023-10-14,Neosho,8,Lee's Summit West,6
2023-10-16,Van-Far,9,Norwood,5
2023-10-16,Marion C. Early,3,Weaubleau,0
2023-10-16,Glasgow,10,New Franklin,5
2023-10-16,Schuyler County,13,Clopton,0
2023-10-16,Silex,4,Northeast (Cairo),18
2023-10-16,La Plata,4,North Shelby,2
2023-10-16,Gallatin,3,Bishop LeBlond,2
2023-10-16,Worth County,6,Princeton,5
2023-10-16,Chaffee,6,Neelyville,0
2023-10-16,Iberia,7,Eugene,1
2023-10-16,Linn,20,Russellville,6
2023-10-16,New Bloomfield,15,North Callaway,5
2023-10-16,Elsberry,13,Valley Park,5
2023-10-16,Montgomery County,6,Louisiana,17
2023-10-16,Highland,4,Bowling Green,8
2023-10-16,St. Elizabeth,9,Marceline,8
2023-10-16,Mid-Buchanan,6,North Platte,4
2023-10-16,Carrollton,2,Sherwood,0
2023-10-16,Fredericktown,11,Perryville,3
2023-10-16,Lutheran South,11,Notre Dame (St. Louis),7
2023-10-16,Webb City,0,St. Joseph's Academy,2
2023-10-16,Wright City,10,Palmyra,24
2023-10-16,Hallsville,11,Fulton,1
2023-10-16,Fatima,10,California,0
2023-10-16,Southern Boone,4,Blair Oaks,6
2023-10-16,Cassville,7,Doniphan,6
2023-10-16,Holden,10,Odessa,6
2023-10-16,Oak Grove,7,Pleasant Hill,0
2023-10-16,Savannah,10,Lafayette (St. Joseph),0
2023-10-16,Hillsboro,1,Notre Dame (Cape Girardeau),3
2023-10-16,Farmington,10,Festus,0
2023-10-16,Washington,15,Cor Jesu Academy,0
2023-10-16,Parkway West,6,Westminster Christian Academy,5
2023-10-16,Ft. Zumwalt South,9,North Point,14
2023-10-16,Helias Catholic,3,Warrenton,2
2023-10-16,Camdenton,10,Bolivar,2
2023-10-16,Marshfield,9,West Plains,5
2023-10-16,Nevada,6,Webb City,5
2023-10-16,Kearney,10,Platte County,3
2023-10-16,Jackson,10,Lindbergh,4
2023-10-16,Francis Howell,7,Eureka,6
2023-10-16,Francis Howell Central,8,Francis Howell North,10
2023-10-16,Troy Buchanan,5,Timberland,4
2023-10-16,Willard,2,Nixa,1
2023-10-16,Raymore-Peculiar,5,Neosho,0
2023-10-16,Liberty,9,Liberty North,5
2023-10-17,Glasgow,1,Jamestown,2
2023-10-17,Northeast (Cairo),7,Schuyler County,8
2023-10-17,Canton,4,La Plata,6
2023-10-17,Polo,3,Gallatin,6
2023-10-17,Linn,15,New Bloomfield,12
2023-10-17,Elsberry,13,Louisiana,1
2023-10-17,Fredericktown,3,Lutheran South,15
2023-10-17,Winfield,8,Palmyra,4
2023-10-17,Fatima,4,Blair Oaks,1
2023-10-17,Holden,5,Oak Grove,9
2023-10-17,Farmington,4,Notre Dame (Cape Girardeau),10
2023-10-17,Camdenton,10,Marshfield,7
2023-10-21,Marion C. Early,5,Van-Far,1
2023-10-21,Schuyler County,13,Jamestown,18
2023-10-21,Iberia,7,Chaffee,8
2023-10-21,Elsberry,6,Linn,7
2023-10-21,St. Elizabeth,4,Bowling Green,3
2023-10-21,Carrollton,6,Mid-Buchanan,5
2023-10-21,St. Joseph's Academy,11,Lutheran South,9
2023-10-21,Hallsville,5,Winfield,7
2023-10-21,Cassville,0,Fatima,14
2023-10-21,Savannah,2,Oak Grove,3
2023-10-21,Washington,13,Notre Dame (Cape Girardeau),0
2023-10-21,North Point,1,Parkway West,11
2023-10-21,Camdenton,3,Helias Catholic,4
2023-10-21,Kearney,5,Nevada,1
2023-10-21,Francis Howell,3,Jackson,1
2023-10-21,Troy Buchanan,8,Francis Howell North,0
2023-10-21,Blue Springs South,16,Willard,2
2023-10-21,Liberty,0,Raymore-Peculiar,1
2023-10-26,Kearney,9,Parkway West,2
2023-10-26,Parkway West,1,Washington,16
2023-10-26,Kearney,1,Helias Catholic,3
2023-10-26,Raymore-Peculiar,7,Troy Buchanan,1
2023-10-26,Troy Buchanan,2,Francis Howell,3
2023-10-26,Raymore-Peculiar,4,Blue Springs South,5
2023-10-27,La Plata,9,Jamestown,0
2023-10-27,Gallatin,4,Marion C. Early,7
2023-10-27,Jamestown,3,Marion C. Early,1
2023-10-27,Gallatin,3,La Plata,5
2023-10-27,Carrollton,4,Chaffee,3
2023-10-27,St. Elizabeth,8,Linn,2
2023-10-27,Linn,1,Chaffee,4
2023-10-27,Carrollton,3,St. Elizabeth,1
2023-10-27,Fatima,12,St. Joseph's Academy,2
2023-10-27,Oak Grove,8,Winfield,5
2023-10-27,Winfield,2,St. Joseph's Academy,7
2023-10-27,Oak Grove,2,Fatima,3
2023-10-27,Helias Catholic,1,Washington,3
2023-10-27,Blue Springs South,0,Francis Howell,8
